sentiment_binary,text_length,feat_streak,feat_hearts,feat_energy,feat_xp,feat_leaderboard,feat_chess,feat_quests,feat_rewards,feat_energy_vs_heart,plat_app_store,plat_google_play,plat_reddit,plat_twitter,t_2025-07,t_2025-08,t_2025-09,t_2025-10,t_2025-11,t_2025-12
0,180,0,0,1,0,0,0,0,0,0,0,1,0,0,0,0,0,0,1,0
0,245,0,1,1,0,0,0,0,0,1,0,1,0,0,0,0,0,0,1,0
1,128,1,0,0,0,0,0,0,0,0,0,1,0,0,0,0,0,0,0,1
0,67,0,1,0,0,0,0,0,0,1,0,1,0,0,0,0,0,1,0,0
0,486,1,0,1,0,1,0,0,0,0,0,1,0,0,0,0,0,1,0,0
0,22,0,0,1,0,0,0,0,0,0,0,1,0,0,0,0,0,0,0,1
0,21,0,0,1,0,0,0,0,0,0,0,1,0,0,0,0,0,0,1,0
1,184,1,0,0,0,0,0,0,0,0,0,1,0,0,0,0,0,0,1,0
1,51,0,0,0,0,0,1,0,0,0,0,1,0,0,0,0,0,0,1,0
0,478,0,1,1,0,0,0,0,0,1,0,1,0,0,0,0,0,0,1,0
0,158,0,0,0,0,0,1,0,0,0,0,1,0,0,0,0,0,0,1,0
0,168,0,0,1,0,0,0,0,0,0,0,1,0,0,0,0,0,0,1,0
0,192,0,1,0,0,0,0,0,0,1,0,1,0,0,0,0,0,0,1,0
0,499,0,0,1,0,0,0,0,0,0,0,1,0,0,0,0,0,0,1,0
0,244,0,1,1,0,0,0,0,0,1,0,1,0,0,0,0,0,1,0,0
0,287,0,1,1,0,0,0,0,0,1,0,1,0,0,0,0,0,1,0,0
1,31,0,0,0,0,0,0,0,1,0,0,1,0,0,0,0,0,0,1,0
0,496,0,0,1,0,0,0,0,0,0,0,1,0,0,0,0,0,1,0,0
0,493,0,1,1,0,0,0,0,0,1,0,1,0,0,0,0,0,0,1,0
0,187,0,0,1,0,0,0,0,0,0,0,1,0,0,0,0,0,0,1,0
0,228,1,0,0,0,0,1,0,0,0,0,1,0,0,0,0,0,0,1,0
0,444,0,0,1,0,0,0,0,0,0,0,1,0,0,0,0,0,1,0,0
0,157,0,0,1,0,0,0,0,0,0,0,1,0,0,0,0,0,0,1,0
0,182,0,0,1,0,0,0,0,0,0,0,1,0,0,0,0,0,0,1,0
0,267,0,0,1,0,0,0,0,1,0,0,1,0,0,0,0,0,0,1,0
0,174,0,1,1,0,0,0,0,0,1,0,1,0,0,0,0,0,0,1,0
0,100,0,1,1,0,0,0,0,0,1,0,1,0,0,0,0,0,0,1,0
0,394,0,0,1,0,0,0,0,0,0,0,1,0,0,0,0,0,0,1,0
0,59,0,0,0,0,0,0,1,0,0,0,1,0,0,0,0,0,1,0,0
0,54,0,1,1,0,0,0,0,0,1,0,1,0,0,0,0,0,0,1,0
0,406,0,1,1,0,0,0,0,0,1,0,1,0,0,0,0,0,1,0,0
0,101,0,0,0,1,0,1,0,1,0,0,1,0,0,0,0,0,0,1,0
0,350,0,0,1,0,0,0,0,0,0,0,1,0,0,0,0,0,0,1,0
1,158,0,1,0,0,0,0,1,0,0,0,1,0,0,0,0,0,0,0,1
0,421,0,0,1,0,0,0,0,1,0,0,1,0,0,0,0,0,0,1,0
0,181,0,0,1,0,0,0,0,1,0,0,1,0,0,0,0,0,0,1,0
0,349,1,0,1,0,0,0,0,0,0,0,1,0,0,0,0,0,1,0,0
0,78,1,0,0,0,0,0,0,0,0,0,1,0,0,0,0,0,0,1,0
0,174,0,1,1,0,0,0,0,0,1,0,1,0,0,0,0,0,0,1,0
0,494,0,0,1,0,0,0,1,0,0,0,1,0,0,0,0,0,0,1,0
1,50,0,0,0,0,0,0,0,1,0,0,1,0,0,0,0,0,0,1,0
0,498,1,0,0,0,0,0,0,0,0,0,1,0,0,0,0,0,0,1,0
0,258,0,1,1,0,0,0,0,0,1,0,1,0,0,0,0,0,0,1,0
0,101,0,0,1,0,0,0,0,0,0,0,1,0,0,0,0,0,0,1,0
1,304,0,0,0,0,0,1,0,0,0,0,1,0,0,0,0,0,0,1,0
1,43,0,0,0,0,0,1,0,0,0,0,1,0,0,0,0,0,0,1,0
0,184,0,1,1,0,0,0,0,0,1,0,1,0,0,0,0,0,1,0,0
0,108,0,1,1,0,0,0,0,0,1,0,1,0,0,0,0,0,1,0,0
0,483,1,0,0,0,0,0,0,0,0,0,1,0,0,0,0,0,0,1,0
0,38,0,0,1,0,0,0,0,0,0,0,1,0,0,0,0,0,0,1,0
0,500,0,1,1,0,0,0,0,1,1,0,1,0,0,0,0,0,0,1,0
0,270,0,0,1,0,0,1,0,0,0,0,1,0,0,0,0,0,0,1,0
1,81,0,0,0,0,0,1,1,0,0,0,1,0,0,0,0,0,0,1,0
1,101,1,0,0,0,0,0,0,0,0,0,1,0,0,0,0,0,0,1,0
1,125,0,0,0,0,0,1,0,0,0,0,1,0,0,0,0,0,0,1,0
1,120,0,0,1,0,0,0,0,0,0,0,1,0,0,0,0,0,0,1,0
1,41,0,0,0,0,0,1,0,0,0,0,1,0,0,0,0,0,0,1,0
0,337,0,0,1,0,0,0,0,0,0,0,1,0,0,0,0,0,0,1,0
0,113,0,0,0,0,0,1,0,0,0,0,1,0,0,0,0,0,0,1,0
0,189,0,1,1,0,0,0,0,0,1,0,1,0,0,0,0,0,0,1,0
0,350,0,1,1,0,0,0,0,0,1,0,1,0,0,0,0,0,1,0,0
1,92,0,1,0,0,0,0,0,0,0,0,1,0,0,0,0,0,0,0,1
1,119,1,0,0,0,0,0,0,0,0,0,1,0,0,0,0,0,0,1,0
0,493,0,1,1,0,0,0,0,0,1,0,1,0,0,0,0,0,0,1,0
0,196,0,1,1,0,0,0,0,0,1,0,1,0,0,0,0,0,1,0,0
1,61,1,0,0,0,0,0,0,0,0,0,1,0,0,0,0,0,0,1,0
1,48,0,0,0,0,0,1,0,0,0,0,1,0,0,0,0,0,0,1,0
0,306,0,1,1,0,0,0,0,0,1,0,1,0,0,0,0,0,1,0,0
0,480,1,1,1,0,0,0,0,0,1,0,1,0,0,0,0,0,1,0,0
0,177,0,1,1,0,0,0,0,0,1,0,1,0,0,0,0,0,0,1,0
0,329,0,1,1,0,0,0,0,0,1,0,1,0,0,0,0,0,1,0,0
1,22,1,0,0,0,0,0,0,0,0,0,1,0,0,0,0,0,0,1,0
0,195,0,1,1,0,0,0,0,0,1,0,1,0,0,0,0,0,1,0,0
0,372,0,0,1,0,0,1,0,0,0,0,1,0,0,0,0,0,0,1,0
0,123,0,1,1,0,0,0,0,0,1,0,1,0,0,0,0,0,0,1,0
0,324,0,1,0,0,0,0,0,0,0,0,1,0,0,0,0,0,0,1,0
0,198,0,0,1,0,0,0,0,0,0,0,1,0,0,0,0,0,0,1,0
1,102,0,0,0,0,0,0,1,0,0,0,1,0,0,0,0,0,0,1,0
1,440,1,1,1,0,0,0,0,0,1,0,1,0,0,0,0,0,0,0,1
1,343,0,0,0,0,1,0,0,0,0,0,1,0,0,0,0,0,0,1,0
0,72,0,1,1,0,0,0,0,0,1,0,1,0,0,0,0,0,0,1,0
0,136,0,1,1,0,0,0,0,0,1,0,1,0,0,0,0,0,0,1,0
0,339,0,0,1,0,0,0,0,0,0,0,1,0,0,0,0,0,0,1,0
1,177,0,0,1,0,0,0,0,0,0,0,1,0,0,0,0,0,0,1,0
0,265,0,1,1,0,0,0,0,0,1,0,1,0,0,0,0,0,1,0,0
0,371,0,0,1,0,0,0,0,0,0,0,1,0,0,0,0,0,0,1,0
0,204,0,0,1,0,0,0,0,0,0,0,1,0,0,0,0,0,1,0,0
0,209,0,0,1,0,0,0,0,0,0,0,1,0,0,0,0,0,1,0,0
1,417,0,0,1,0,0,0,1,0,0,0,1,0,0,0,0,0,0,1,0
1,192,0,1,1,0,0,0,1,0,1,0,1,0,0,0,0,0,1,0,0
0,71,0,1,1,0,0,0,0,0,1,0,1,0,0,0,0,0,0,1,0
1,482,0,0,0,1,0,0,1,0,0,0,1,0,0,0,0,0,0,1,0
0,188,0,1,1,0,0,1,0,0,1,0,1,0,0,0,0,0,0,1,0
0,500,0,1,1,0,0,0,0,0,1,0,1,0,0,0,0,0,0,1,0
0,76,0,0,1,0,0,0,0,0,0,0,1,0,0,0,0,0,0,1,0
1,254,1,0,0,0,0,0,0,0,0,0,1,0,0,0,0,0,0,1,0
0,439,1,0,0,0,0,1,0,0,0,0,1,0,0,0,0,0,0,1,0
1,120,1,0,0,0,0,0,0,0,0,0,1,0,0,0,0,0,0,1,0
0,412,0,0,1,0,0,0,0,0,0,0,1,0,0,0,0,0,0,1,0
1,143,1,0,0,0,0,0,1,0,0,0,1,0,0,0,0,0,0,1,0
0,67,0,0,1,0,0,0,0,0,0,0,1,0,0,0,0,0,0,1,0
0,221,0,1,1,0,0,0,0,0,1,0,1,0,0,0,0,0,0,1,0
0,494,0,1,1,0,0,0,0,0,1,0,1,0,0,0,0,0,0,1,0
0,41,0,0,1,0,0,0,0,0,0,0,1,0,0,0,0,0,1,0,0
1,147,0,0,0,0,0,1,0,0,0,0,1,0,0,0,0,0,0,1,0
0,378,0,1,1,0,0,0,0,0,1,0,1,0,0,0,0,0,0,1,0
1,133,0,1,0,0,0,0,0,1,0,0,1,0,0,0,0,0,0,1,0
0,200,1,0,0,0,0,0,0,0,0,0,1,0,0,0,0,0,1,0,0
0,134,0,0,0,0,1,0,0,0,0,0,1,0,0,0,0,0,0,1,0
1,229,0,0,1,0,0,0,1,0,0,0,1,0,0,0,0,0,0,1,0
0,59,0,0,1,0,0,0,0,0,0,0,1,0,0,0,0,0,1,0,0
0,85,0,1,1,0,0,0,0,0,1,0,1,0,0,0,0,0,0,1,0
1,485,0,1,1,0,0,0,0,1,1,0,1,0,0,0,0,0,0,1,0
0,133,1,0,1,0,0,0,0,0,0,0,1,0,0,0,0,0,0,1,0
1,36,0,0,0,0,0,0,1,0,0,0,1,0,0,0,0,0,0,1,0
1,198,0,1,1,0,0,0,1,0,1,0,1,0,0,0,0,0,1,0,0
1,104,0,0,0,0,0,1,0,0,0,0,1,0,0,0,0,0,0,1,0
0,26,0,0,1,0,0,0,0,0,0,0,1,0,0,0,0,0,1,0,0
0,72,0,0,1,0,0,0,0,0,0,0,1,0,0,0,0,0,0,1,0
0,209,0,1,1,0,0,0,0,0,1,0,1,0,0,0,0,0,0,1,0
0,430,0,0,1,0,0,0,0,0,0,0,1,0,0,0,0,0,0,1,0
0,137,0,0,1,0,0,0,0,0,0,0,1,0,0,0,0,0,0,0,1
0,70,0,1,0,0,0,0,0,0,1,0,1,0,0,0,0,0,1,0,0
0,308,0,0,1,0,0,0,0,0,0,0,1,0,0,0,0,0,1,0,0
0,143,0,0,1,0,0,0,0,0,0,0,1,0,0,0,0,0,0,1,0
0,293,0,1,0,0,0,0,0,0,0,0,1,0,0,0,0,0,0,1,0
0,69,0,1,1,0,0,0,0,0,1,0,1,0,0,0,0,0,0,1,0
1,114,0,0,0,0,0,1,0,0,0,0,1,0,0,0,0,0,0,1,0
0,434,1,0,0,0,0,0,0,0,0,0,1,0,0,0,0,0,0,1,0
0,448,0,1,1,0,0,0,0,0,1,0,1,0,0,0,0,0,0,1,0
0,194,0,0,1,0,0,0,0,0,0,0,1,0,0,0,0,0,0,1,0
1,115,1,0,0,0,0,0,0,0,0,0,1,0,0,0,0,0,0,1,0
1,109,0,0,0,0,0,1,0,0,0,0,1,0,0,0,0,0,0,1,0
0,223,0,1,1,0,0,0,0,0,1,0,1,0,0,0,0,0,1,0,0
1,41,1,0,0,0,0,0,0,0,0,0,1,0,0,0,0,0,0,1,0
0,219,0,1,1,0,0,0,0,0,1,0,1,0,0,0,0,0,0,1,0
1,79,1,0,0,0,0,0,0,0,0,0,1,0,0,0,0,0,0,0,1
0,437,1,0,0,0,0,0,0,0,0,0,1,0,0,0,0,0,0,1,0
0,66,0,1,1,0,0,0,0,0,1,0,1,0,0,0,0,0,1,0,0
0,196,0,1,1,0,0,0,0,0,1,0,1,0,0,0,0,0,1,0,0
0,43,0,0,1,0,0,0,0,0,0,0,1,0,0,0,0,0,0,1,0
0,232,0,1,1,0,0,0,0,0,1,0,1,0,0,0,0,0,0,1,0
0,199,0,1,0,0,0,0,0,0,1,0,1,0,0,0,0,0,0,1,0
0,313,0,0,1,0,0,0,0,0,0,0,1,0,0,0,0,0,1,0,0
0,109,0,0,1,0,0,0,0,0,0,0,1,0,0,0,0,0,0,1,0
1,335,0,1,1,0,0,0,1,0,1,0,1,0,0,0,0,0,0,1,0
0,388,0,0,1,0,0,0,0,0,0,0,1,0,0,0,0,0,0,0,1
1,39,0,0,0,0,0,1,0,0,0,0,1,0,0,0,0,0,0,1,0
0,475,0,0,1,0,0,0,0,0,0,0,1,0,0,0,0,0,0,1,0
1,219,0,0,0,0,0,1,0,0,0,0,1,0,0,0,0,0,0,1,0
0,23,0,0,1,0,0,0,0,0,0,0,1,0,0,0,0,0,1,0,0
0,165,0,1,1,0,0,0,0,0,1,0,1,0,0,0,0,0,0,1,0
0,110,0,0,1,0,0,0,0,0,0,0,1,0,0,0,0,0,0,1,0
0,189,0,0,0,0,0,1,0,0,0,0,1,0,0,0,0,0,0,1,0
0,215,0,1,1,0,0,0,0,0,1,0,1,0,0,0,0,0,1,0,0
0,325,0,0,1,1,0,0,0,0,0,0,1,0,0,0,0,0,0,0,1
0,194,0,0,1,1,0,0,0,0,0,0,1,0,0,0,0,0,1,0,0
0,67,0,1,0,0,0,0,0,0,1,0,1,0,0,0,0,0,0,1,0
0,500,0,1,1,0,0,0,0,0,1,0,1,0,0,0,0,0,0,1,0
0,481,1,1,0,0,1,0,0,0,1,0,1,0,0,0,0,0,0,1,0
0,283,1,0,1,0,0,0,0,1,0,0,1,0,0,0,0,0,0,1,0
1,19,0,0,0,0,0,1,0,0,0,0,1,0,0,0,0,0,0,1,0
0,464,1,1,1,0,0,0,0,0,1,0,1,0,0,0,0,0,0,0,1
1,41,0,0,0,0,0,1,0,0,0,0,1,0,0,0,0,0,0,1,0
0,499,1,0,0,0,0,0,0,0,0,0,1,0,0,0,0,0,0,1,0
0,495,0,1,1,0,0,0,0,0,1,0,1,0,0,0,0,0,1,0,0
0,288,1,0,0,0,0,0,0,0,0,0,1,0,0,0,0,0,1,0,0
0,104,0,0,0,1,0,0,0,1,0,0,1,0,0,0,0,0,0,1,0
0,155,0,1,1,0,0,0,0,0,1,0,1,0,0,0,0,0,0,1,0
0,101,0,1,1,0,0,0,0,0,1,0,1,0,0,0,0,0,1,0,0
0,152,0,1,1,0,0,0,0,0,1,0,1,0,0,0,0,0,0,1,0
0,28,0,0,1,0,0,0,0,0,0,0,1,0,0,0,0,0,1,0,0
0,151,0,0,0,0,0,0,0,1,0,0,1,0,0,0,0,0,0,1,0
0,142,0,1,1,0,0,0,0,0,1,0,1,0,0,0,0,0,0,1,0
1,495,0,1,1,0,0,1,0,0,1,0,1,0,0,0,0,0,0,1,0
1,359,1,1,1,0,0,0,1,1,1,0,1,0,0,0,0,0,1,0,0
0,476,1,0,1,0,0,0,0,0,0,0,1,0,0,0,0,0,0,1,0
1,74,0,0,0,0,0,1,0,0,0,0,1,0,0,0,0,0,0,1,0
0,258,0,1,1,0,0,0,0,0,1,0,1,0,0,0,0,0,1,0,0
1,149,0,0,0,0,0,1,0,0,0,0,1,0,0,0,0,0,0,1,0
1,497,0,1,1,0,1,0,0,0,1,0,1,0,0,0,0,0,1,0,0
1,37,0,0,0,0,0,1,0,0,0,0,1,0,0,0,0,0,0,1,0
0,411,0,0,1,0,0,0,0,0,0,0,1,0,0,0,0,0,1,0,0
0,252,0,1,1,0,0,0,0,0,1,0,1,0,0,0,0,0,0,1,0
0,209,0,0,1,0,0,0,0,0,0,0,1,0,0,0,0,0,0,1,0
0,232,0,0,0,1,0,1,0,0,0,0,1,0,0,0,0,0,0,1,0
1,188,0,1,1,0,0,0,0,1,1,0,1,0,0,0,0,0,0,1,0
0,320,0,1,1,0,0,0,0,0,1,0,1,0,0,0,0,0,1,0,0
0,22,0,1,0,0,0,0,0,0,1,0,1,0,0,0,0,0,0,1,0
0,223,0,0,1,0,0,0,0,0,0,0,1,0,0,0,0,0,0,1,0
0,164,1,0,0,0,0,0,0,0,0,0,1,0,0,0,0,0,0,1,0
1,252,0,0,0,0,0,1,0,0,0,0,1,0,0,0,0,0,1,0,0
1,202,0,1,1,0,0,0,0,0,1,0,1,0,0,0,0,0,1,0,0
0,131,0,1,1,0,0,0,0,0,1,0,1,0,0,0,0,0,1,0,0
0,493,0,0,1,0,0,0,0,0,0,0,1,0,0,0,0,0,0,1,0
1,46,0,0,0,0,0,1,0,0,0,0,1,0,0,0,0,0,0,1,0
0,71,0,0,1,0,0,0,0,0,0,0,1,0,0,0,0,0,0,1,0
0,358,1,1,1,0,0,0,0,0,1,0,1,0,0,0,0,0,1,0,0
1,323,0,0,1,1,0,0,1,0,0,0,1,0,0,0,0,0,0,1,0
0,42,0,0,0,0,0,1,0,0,0,0,1,0,0,0,0,0,0,1,0
0,482,0,1,1,0,0,0,0,0,1,0,1,0,0,0,0,0,0,1,0
1,98,0,0,0,0,0,1,0,0,0,0,1,0,0,0,0,0,0,1,0
1,22,0,0,0,0,0,1,0,0,0,0,1,0,0,0,0,0,0,1,0
1,90,0,0,0,0,1,0,0,0,0,0,1,0,0,0,0,0,0,1,0
1,149,0,1,1,0,0,0,0,0,1,0,1,0,0,0,0,0,1,0,0
0,23,0,0,1,0,0,0,0,0,0,0,1,0,0,0,0,0,1,0,0
0,325,0,1,1,0,0,0,0,0,1,0,1,0,0,0,0,0,0,1,0
1,275,0,0,1,0,0,0,0,0,0,0,1,0,0,0,0,0,0,1,0
1,354,1,0,0,0,0,0,0,0,0,0,1,0,0,0,0,0,0,1,0
0,461,0,0,1,0,0,0,0,1,0,0,1,0,0,0,0,0,0,1,0
1,208,1,0,0,0,0,0,0,0,0,0,1,0,0,0,0,0,0,1,0
1,42,0,0,0,0,0,1,0,0,0,0,1,0,0,0,0,0,0,1,0
0,450,1,1,1,0,0,0,0,1,1,0,1,0,0,0,0,0,1,0,0
1,153,0,0,1,0,0,0,0,0,0,0,1,0,0,0,0,0,0,1,0
1,383,0,0,0,0,0,1,0,0,0,0,1,0,0,0,0,0,0,1,0
0,406,0,1,1,0,0,0,0,1,1,0,1,0,0,0,0,0,1,0,0
1,144,1,0,0,1,0,0,1,0,0,0,1,0,0,0,0,0,0,1,0
0,101,0,1,1,0,0,0,0,0,1,0,1,0,0,0,0,0,1,0,0
1,25,0,0,0,0,0,1,0,0,0,0,1,0,0,0,0,0,0,1,0
0,186,0,0,1,0,0,0,0,0,0,0,1,0,0,0,0,0,1,0,0
0,88,0,0,1,0,0,0,0,0,0,0,1,0,0,0,0,0,0,1,0
0,151,1,0,0,0,0,0,0,0,0,0,1,0,0,0,0,0,0,1,0
0,26,0,0,1,0,0,0,0,0,0,0,1,0,0,0,0,0,0,1,0
0,48,0,0,1,0,0,0,0,0,0,0,1,0,0,0,0,0,1,0,0
0,82,0,0,0,0,0,1,0,0,0,0,1,0,0,0,0,0,0,1,0
0,235,1,1,1,0,0,1,0,0,1,0,1,0,0,0,0,0,1,0,0
0,91,0,1,0,0,0,0,0,0,1,0,1,0,0,0,0,0,1,0,0
0,356,0,1,1,0,0,0,0,0,1,0,1,0,0,0,0,0,0,1,0
0,442,0,1,1,0,0,0,0,0,1,0,1,0,0,0,0,0,0,0,1
0,350,1,0,0,0,0,0,0,0,0,0,1,0,0,0,0,0,1,0,0
0,246,0,0,1,0,0,0,0,0,0,0,1,0,0,0,0,0,1,0,0
0,47,0,1,1,0,0,0,0,0,1,0,1,0,0,0,0,0,0,1,0
1,70,0,0,0,0,0,1,0,0,0,0,1,0,0,0,0,0,0,1,0
0,493,0,1,1,0,0,0,0,0,1,0,1,0,0,0,0,0,1,0,0
1,83,0,0,0,0,0,1,0,0,0,0,1,0,0,0,0,0,0,0,1
0,161,0,0,1,0,0,0,0,0,0,0,1,0,0,0,0,0,1,0,0
0,325,0,0,1,0,0,0,0,0,0,0,1,0,0,0,0,0,1,0,0
0,91,0,1,1,0,0,0,0,0,1,0,1,0,0,0,0,0,0,1,0
0,245,0,1,0,0,0,0,0,0,1,0,1,0,0,0,0,0,0,1,0
0,143,0,0,1,0,0,0,0,0,0,0,1,0,0,0,0,0,1,0,0
0,180,0,0,1,0,0,0,0,0,0,0,1,0,0,0,0,0,1,0,0
0,229,0,0,1,0,0,0,0,0,0,0,1,0,0,0,0,0,0,0,1
0,491,1,1,1,0,0,0,0,0,1,0,1,0,0,0,0,0,0,1,0
0,454,1,1,1,0,0,0,0,0,1,0,1,0,0,0,0,0,0,1,0
0,402,0,1,1,0,1,0,0,0,1,0,1,0,0,0,0,0,0,1,0
0,486,1,1,1,0,0,0,0,0,1,0,1,0,0,0,0,0,1,0,0
0,499,0,0,1,0,0,0,0,0,0,0,1,0,0,0,0,0,0,1,0
0,166,1,0,0,0,0,0,0,0,0,0,1,0,0,0,0,0,0,1,0
0,136,1,0,1,0,0,0,0,0,0,0,1,0,0,0,0,0,0,1,0
0,330,0,0,1,0,0,0,0,0,0,0,1,0,0,0,0,0,0,1,0
0,284,1,0,0,0,0,0,0,0,0,0,1,0,0,0,0,0,1,0,0
1,76,0,0,0,0,0,1,0,0,0,0,1,0,0,0,0,0,1,0,0
0,493,0,1,1,0,0,0,0,0,1,0,1,0,0,0,0,0,1,0,0
0,496,1,0,1,0,0,0,0,0,0,0,1,0,0,0,0,0,1,0,0
1,80,1,0,0,0,0,0,0,0,0,0,1,0,0,0,0,0,0,1,0
0,440,1,1,1,0,0,0,0,0,1,0,1,0,0,0,0,0,1,0,0
0,185,0,1,1,0,0,0,0,0,1,0,1,0,0,0,0,0,0,1,0
0,171,0,1,1,0,0,0,0,0,1,0,1,0,0,0,0,0,1,0,0
0,127,0,1,1,0,0,0,0,0,1,0,1,0,0,0,0,0,1,0,0
0,214,0,1,1,0,0,0,0,0,1,0,1,0,0,0,0,0,0,1,0
0,97,0,0,1,0,0,0,0,0,0,0,1,0,0,0,0,0,0,1,0
0,220,0,0,1,0,0,0,0,0,0,0,1,0,0,0,0,0,0,0,1
0,186,0,1,1,0,0,0,0,0,1,0,1,0,0,0,0,0,1,0,0
1,20,0,0,0,0,0,0,0,1,0,0,1,0,0,0,0,0,1,0,0
0,55,0,0,1,0,0,0,0,0,0,0,1,0,0,0,0,0,1,0,0
0,497,0,1,1,0,0,0,0,0,1,0,1,0,0,0,0,0,0,1,0
1,153,0,1,0,0,0,0,0,0,0,0,1,0,0,0,0,0,1,0,0
0,63,0,0,1,0,0,0,0,0,0,0,1,0,0,0,0,0,0,0,1
1,82,0,0,0,0,0,1,0,0,0,0,1,0,0,0,0,0,0,1,0
1,374,0,0,1,0,0,0,0,1,0,0,1,0,0,0,0,0,0,1,0
0,330,0,1,1,0,0,0,0,0,1,0,1,0,0,0,0,0,0,1,0
0,24,0,0,1,0,0,0,0,0,0,0,1,0,0,0,0,0,0,1,0
0,120,0,0,1,0,0,0,0,0,0,0,1,0,0,0,0,0,1,0,0
0,141,0,1,0,0,0,0,0,0,1,0,1,0,0,0,0,0,1,0,0
0,176,0,0,1,0,0,0,0,0,0,0,1,0,0,0,0,0,0,1,0
0,67,0,0,1,0,0,0,0,0,0,0,1,0,0,0,0,0,1,0,0
1,300,0,0,0,0,0,1,0,0,0,0,1,0,0,0,0,0,0,1,0
0,129,0,1,1,0,0,0,0,0,1,0,1,0,0,0,0,0,0,1,0
0,82,0,0,1,0,0,0,0,0,0,0,1,0,0,0,0,0,1,0,0
0,216,0,1,1,0,0,0,0,0,1,0,1,0,0,0,0,0,0,1,0
0,90,0,0,1,0,0,0,0,0,0,0,1,0,0,0,0,0,0,1,0
0,353,0,1,1,0,0,0,0,1,1,0,1,0,0,0,0,0,0,1,0
0,265,0,1,1,0,0,0,0,0,1,0,1,0,0,0,0,0,0,1,0
1,219,0,1,1,0,0,0,0,0,1,0,1,0,0,0,0,0,0,1,0
1,39,0,0,0,0,0,1,0,0,0,0,1,0,0,0,0,0,0,1,0
0,364,0,1,1,0,0,0,0,0,1,0,1,0,0,0,0,0,1,0,0
1,47,1,0,0,0,0,0,0,0,0,0,1,0,0,0,0,0,0,1,0
0,496,0,0,0,0,0,0,0,1,0,0,1,0,0,0,0,0,0,1,0
1,483,0,0,1,0,0,0,0,0,1,0,1,0,0,0,0,0,0,1,0
1,48,0,0,0,0,0,1,0,0,0,0,1,0,0,0,0,0,0,1,0
0,257,0,0,1,0,0,0,0,0,0,0,1,0,0,0,0,0,0,1,0
1,238,0,0,0,0,0,1,0,0,0,0,1,0,0,0,0,0,1,0,0
0,191,0,0,1,1,0,0,0,1,0,0,1,0,0,0,0,0,0,1,0
0,195,1,0,1,0,0,0,0,0,0,0,1,0,0,0,0,0,0,1,0
1,172,1,0,0,0,0,0,0,0,0,0,1,0,0,0,0,0,0,1,0
0,500,0,0,0,1,0,1,0,0,0,0,1,0,0,0,0,0,0,1,0
0,436,0,1,1,0,0,0,0,0,1,0,1,0,0,0,0,0,0,1,0
0,151,1,0,1,0,0,0,0,0,0,0,1,0,0,0,0,0,1,0,0
1,334,1,0,0,0,0,0,0,0,0,0,1,0,0,0,0,0,0,1,0
0,218,0,1,1,0,0,0,0,0,1,0,1,0,0,0,0,0,0,1,0
0,23,0,0,0,0,0,1,0,0,0,0,1,0,0,0,0,0,0,1,0
0,88,0,0,1,0,0,0,0,0,0,0,1,0,0,0,0,0,0,1,0
1,47,0,0,0,0,0,1,0,0,0,0,1,0,0,0,0,0,0,1,0
1,79,0,0,0,0,0,1,0,0,0,0,1,0,0,0,0,0,1,0,0
0,452,0,0,1,0,0,0,0,0,0,0,1,0,0,0,0,0,0,1,0
0,254,0,1,1,0,0,0,0,0,1,0,1,0,0,0,0,0,0,1,0
1,99,1,0,0,0,1,0,0,1,0,0,1,0,0,0,0,0,0,1,0
1,102,0,0,0,0,0,1,0,0,0,0,1,0,0,0,0,0,0,1,0
1,309,0,0,1,0,0,0,0,0,0,0,1,0,0,0,0,0,0,1,0
0,201,0,0,1,0,0,0,0,0,0,0,1,0,0,0,0,0,0,1,0
1,70,0,0,0,0,0,1,0,0,0,0,1,0,0,0,0,0,0,0,1
0,317,0,0,1,0,0,0,0,0,0,0,1,0,0,0,0,0,0,1,0
1,421,0,1,1,0,0,0,0,0,1,0,1,0,0,0,0,0,1,0,0
0,74,0,0,1,0,0,0,0,0,0,0,1,0,0,0,0,0,0,1,0
0,192,0,1,1,0,0,0,0,0,1,0,1,0,0,0,0,0,0,1,0
1,12,0,0,0,0,0,1,0,0,0,0,1,0,0,0,0,0,0,1,0
1,152,0,0,0,0,0,1,0,0,0,0,1,0,0,0,0,0,0,1,0
1,311,0,0,1,0,0,0,0,0,0,0,1,0,0,0,0,0,1,0,0
0,155,0,0,1,0,0,0,0,0,0,0,1,0,0,0,0,0,1,0,0
1,95,0,0,0,0,0,1,0,0,0,0,1,0,0,0,0,0,0,0,1
1,108,1,0,0,0,0,0,1,0,0,0,1,0,0,0,0,0,0,1,0
0,238,0,1,1,0,0,0,0,0,1,0,1,0,0,0,0,0,1,0,0
0,162,1,0,0,0,0,0,0,0,0,0,1,0,0,0,0,0,0,1,0
0,126,0,0,1,1,0,0,0,0,0,0,1,0,0,0,0,0,1,0,0
0,156,0,1,1,0,0,0,0,0,1,0,1,0,0,0,0,0,1,0,0
0,198,0,1,1,0,0,0,0,0,0,0,1,0,0,0,0,0,0,1,0
1,137,0,0,0,0,0,1,0,0,0,0,1,0,0,0,0,0,1,0,0
0,203,0,0,1,0,0,0,0,0,0,0,1,0,0,0,0,0,0,1,0
0,197,0,0,0,1,0,0,0,1,0,0,1,0,0,0,0,0,0,1,0
0,246,1,0,1,0,0,0,0,0,0,0,1,0,0,0,0,0,1,0,0
0,135,0,1,1,0,0,0,0,0,1,0,1,0,0,0,0,0,0,0,1
1,214,1,0,0,0,0,0,1,0,0,0,1,0,0,0,0,0,0,1,0
0,500,1,1,1,0,0,0,0,0,1,0,1,0,0,0,0,0,1,0,0
0,48,0,1,1,0,0,0,0,0,1,0,1,0,0,0,0,0,1,0,0
0,302,0,0,1,0,0,0,0,0,0,0,1,0,0,0,0,0,0,1,0
1,500,0,1,1,0,0,0,0,0,1,0,1,0,0,0,0,0,1,0,0
1,426,0,0,0,0,0,1,0,0,0,0,1,0,0,0,0,0,1,0,0
0,34,0,1,0,0,0,0,0,0,1,0,1,0,0,0,0,0,0,1,0
0,197,0,1,1,0,0,0,0,0,1,0,1,0,0,0,0,0,1,0,0
0,379,0,0,1,0,0,0,0,0,0,0,1,0,0,0,0,0,1,0,0
0,149,0,0,1,0,0,0,0,0,0,0,1,0,0,0,0,0,1,0,0
0,496,0,0,1,0,0,0,0,0,0,0,1,0,0,0,0,0,1,0,0
1,414,0,1,1,0,0,0,1,1,1,0,1,0,0,0,0,0,0,1,0
0,500,0,1,1,0,0,0,0,1,1,0,1,0,0,0,0,0,0,1,0
0,183,0,0,1,0,0,0,0,0,0,0,1,0,0,0,0,0,1,0,0
0,480,0,0,1,0,0,0,0,0,0,0,1,0,0,0,0,0,1,0,0
0,473,1,1,1,0,0,0,0,0,1,0,1,0,0,0,0,0,1,0,0
0,485,1,1,1,0,0,0,0,0,1,0,1,0,0,0,0,0,0,1,0
1,48,0,0,0,0,0,0,0,1,0,0,1,0,0,0,0,0,0,1,0
0,334,0,1,1,0,0,0,0,0,1,0,1,0,0,0,0,0,1,0,0
1,319,0,1,1,0,0,0,0,0,1,0,1,0,0,0,0,0,1,0,0
0,235,0,0,0,1,0,0,0,0,0,0,1,0,0,0,0,0,0,1,0
1,194,0,0,0,0,0,1,0,0,0,0,1,0,0,0,0,0,0,1,0
0,182,1,0,0,0,0,0,0,0,0,0,1,0,0,0,0,0,1,0,0
0,56,0,0,0,0,0,1,0,0,0,0,1,0,0,0,0,0,0,1,0
1,129,1,0,0,0,0,0,0,0,0,0,1,0,0,0,0,0,1,0,0
0,86,0,0,1,0,0,0,0,0,0,0,1,0,0,0,0,0,0,1,0
0,254,0,1,1,0,0,0,0,0,1,0,1,0,0,0,0,0,0,1,0
0,221,0,0,0,1,0,0,0,0,0,0,1,0,0,0,0,0,0,1,0
0,499,0,1,1,0,0,0,0,0,1,0,1,0,0,0,0,0,0,1,0
0,220,0,1,1,0,0,0,0,0,1,0,1,0,0,0,0,0,1,0,0
0,494,0,1,0,0,0,0,0,0,0,0,1,0,0,0,0,0,1,0,0
0,278,0,0,1,0,0,0,0,0,0,0,1,0,0,0,0,0,0,1,0
1,500,0,0,0,0,0,0,0,1,0,0,1,0,0,0,0,0,0,1,0
0,457,0,0,1,0,0,1,0,0,0,0,1,0,0,0,0,0,0,0,1
0,437,0,1,1,0,0,0,0,0,1,0,1,0,0,0,0,0,1,0,0
1,106,1,0,0,0,0,0,0,0,0,0,1,0,0,0,0,0,0,0,1
0,151,0,0,0,0,0,1,0,0,0,0,1,0,0,0,0,0,0,1,0
1,401,0,1,1,0,0,0,0,0,1,0,1,0,0,0,0,0,0,1,0
0,499,0,0,1,0,0,0,0,0,0,0,1,0,0,0,0,0,0,1,0
1,186,0,0,0,0,0,1,0,0,0,0,1,0,0,0,0,0,0,1,0
1,206,0,0,1,0,0,0,0,0,0,0,1,0,0,0,0,0,0,1,0
0,199,0,0,0,1,1,0,0,1,0,0,1,0,0,0,0,0,0,1,0
1,123,0,1,0,0,0,0,0,0,0,0,1,0,0,0,0,0,0,1,0
0,155,0,0,0,1,0,0,0,1,0,0,1,0,0,0,0,0,0,0,1
0,407,0,1,1,0,0,0,0,0,1,0,1,0,0,0,0,0,0,1,0
0,222,0,0,1,0,0,0,0,0,0,0,1,0,0,0,0,0,0,0,1
0,37,0,0,1,0,0,0,0,0,0,0,1,0,0,0,0,0,0,1,0
0,55,0,0,1,0,0,0,0,0,0,0,1,0,0,0,0,0,0,1,0
0,41,0,0,1,0,0,0,0,0,0,0,1,0,0,0,0,0,1,0,0
0,454,1,1,1,0,0,0,0,0,1,0,1,0,0,0,0,0,1,0,0
1,79,1,0,0,0,0,0,0,0,0,0,1,0,0,0,0,0,0,1,0
0,20,1,0,0,0,0,0,0,0,0,0,1,0,0,0,0,0,0,0,1
1,344,1,0,0,0,0,0,0,0,0,0,1,0,0,0,0,0,0,1,0
0,496,0,0,0,0,0,1,0,0,0,0,1,0,0,0,0,0,0,1,0
0,32,0,1,1,0,0,0,0,0,1,0,1,0,0,0,0,0,0,1,0
1,44,0,0,0,0,0,1,0,0,0,0,1,0,0,0,0,0,0,1,0
0,238,0,0,1,0,0,0,0,0,0,0,1,0,0,0,0,0,1,0,0
0,45,0,0,1,0,0,0,0,0,0,0,1,0,0,0,0,0,1,0,0
0,251,0,1,1,0,0,0,0,0,1,0,1,0,0,0,0,0,0,1,0
0,497,0,1,1,1,0,0,0,0,1,0,1,0,0,0,0,0,0,1,0
0,286,0,0,1,0,0,0,0,0,0,0,1,0,0,0,0,0,1,0,0
0,71,0,1,1,0,0,0,0,0,1,0,1,0,0,0,0,0,1,0,0
0,260,1,0,1,0,0,0,0,0,0,0,1,0,0,0,0,0,0,1,0
0,364,1,1,1,0,0,0,0,0,1,0,1,0,0,0,0,0,1,0,0
1,144,0,1,1,0,0,0,0,0,1,0,1,0,0,0,0,0,0,1,0
0,106,0,1,1,0,0,0,0,0,1,0,1,0,0,0,0,0,0,1,0
0,70,0,0,1,0,0,0,0,0,0,0,1,0,0,0,0,0,1,0,0
0,323,0,0,0,0,0,1,0,0,0,0,1,0,0,0,0,0,0,0,1
1,117,1,0,0,0,0,0,0,0,0,0,1,0,0,0,0,0,0,0,1
1,51,0,0,0,0,0,1,0,0,0,0,1,0,0,0,0,0,0,1,0
0,236,0,1,1,0,0,0,0,0,1,0,1,0,0,0,0,0,0,0,1
0,86,0,0,1,0,0,0,0,0,0,0,1,0,0,0,0,0,1,0,0
0,213,1,0,0,1,0,0,0,0,0,0,1,0,0,0,0,0,0,1,0
1,72,0,0,0,0,0,0,0,1,0,0,1,0,0,0,0,0,0,1,0
0,298,0,1,1,0,0,0,0,1,1,0,1,0,0,0,0,0,0,1,0
1,76,1,0,0,0,0,0,0,0,0,0,1,0,0,0,0,0,0,1,0
0,179,0,0,1,0,0,0,0,0,0,0,1,0,0,0,0,0,0,1,0
0,114,0,1,1,0,0,0,0,0,1,0,1,0,0,0,0,0,0,1,0
0,21,0,1,0,0,0,0,0,0,1,0,1,0,0,0,0,0,1,0,0
0,490,1,1,1,0,0,0,0,0,1,0,1,0,0,0,0,0,1,0,0
0,266,1,0,1,0,0,0,0,0,0,0,1,0,0,0,0,0,1,0,0
0,205,1,0,0,0,0,0,0,0,0,0,1,0,0,0,0,0,1,0,0
0,86,0,0,1,0,0,0,0,0,0,0,1,0,0,0,0,0,0,1,0
0,335,1,0,1,0,0,0,0,0,0,0,1,0,0,0,0,0,1,0,0
0,386,0,1,1,0,0,0,0,0,1,0,1,0,0,0,0,0,1,0,0
0,220,0,0,1,0,0,0,0,0,0,0,1,0,0,0,0,0,0,1,0
0,102,0,0,0,1,0,0,0,0,0,0,1,0,0,0,0,0,0,1,0
1,99,0,0,0,0,0,1,0,0,0,0,1,0,0,0,0,0,0,0,1
0,428,0,0,1,0,0,1,0,0,0,0,1,0,0,0,0,0,0,1,0
1,27,0,0,0,0,0,1,0,0,0,0,1,0,0,0,0,0,0,1,0
0,268,0,0,1,0,0,0,0,0,0,0,1,0,0,0,0,0,0,0,1
0,51,0,1,1,0,0,0,0,0,1,0,1,0,0,0,0,0,0,1,0
0,281,0,0,1,1,0,0,0,0,0,0,1,0,0,0,0,0,0,0,1
0,106,1,0,0,0,0,1,0,0,0,0,1,0,0,0,0,0,0,1,0
0,114,0,1,1,0,0,0,0,0,1,0,1,0,0,0,0,0,1,0,0
0,78,0,0,1,0,0,0,0,0,0,0,1,0,0,0,0,0,0,1,0
0,159,0,1,1,0,0,0,0,0,1,0,1,0,0,0,0,0,0,1,0
0,214,0,1,1,0,0,0,0,0,1,0,1,0,0,0,0,0,1,0,0
0,269,0,0,0,0,0,0,0,1,0,0,1,0,0,0,0,0,0,1,0
0,269,0,0,1,0,1,0,0,0,0,0,1,0,0,0,0,0,1,0,0
0,358,0,1,1,0,1,0,0,1,1,0,1,0,0,0,0,0,0,1,0
0,322,0,0,1,0,0,0,0,0,0,0,1,0,0,0,0,0,0,1,0
0,416,1,1,1,0,0,0,0,0,1,0,1,0,0,0,0,0,1,0,0
0,52,0,0,1,0,0,0,0,0,0,0,1,0,0,0,0,0,0,1,0
1,497,0,1,1,0,0,0,0,0,1,0,1,0,0,0,0,0,0,1,0
0,193,0,0,1,0,0,0,0,0,0,0,1,0,0,0,0,0,1,0,0
0,480,1,1,0,0,0,0,0,0,0,0,1,0,0,0,0,0,0,0,1
0,241,0,0,1,0,0,0,0,0,0,0,1,0,0,0,0,0,1,0,0
0,31,0,0,1,0,0,0,0,0,0,0,1,0,0,0,0,0,0,1,0
0,446,0,1,1,0,0,0,0,0,1,0,1,0,0,0,0,0,1,0,0
0,228,0,1,1,0,0,0,0,0,1,0,1,0,0,0,0,0,0,1,0
1,331,0,0,1,0,0,0,0,1,0,0,1,0,0,0,0,0,0,1,0
0,130,0,0,1,0,0,0,0,0,0,0,1,0,0,0,0,0,0,1,0
0,280,0,1,1,0,0,0,0,0,1,0,1,0,0,0,0,0,0,1,0
0,438,0,0,1,0,0,0,0,0,0,0,1,0,0,0,0,0,1,0,0
0,155,0,0,1,0,0,0,0,0,0,0,1,0,0,0,0,0,1,0,0
0,446,1,1,1,0,0,0,0,0,1,0,1,0,0,0,0,0,1,0,0
0,134,0,1,0,0,0,0,0,0,1,0,1,0,0,0,0,0,0,1,0
0,335,0,0,0,0,0,1,0,0,0,0,1,0,0,0,0,0,0,1,0
1,64,0,1,0,0,0,0,0,0,0,0,1,0,0,0,0,0,0,1,0
1,52,0,0,0,0,0,1,0,0,0,0,1,0,0,0,0,0,0,1,0
1,45,0,0,0,0,0,1,0,0,0,0,1,0,0,0,0,0,0,1,0
0,456,0,0,1,0,0,0,0,0,0,0,1,0,0,0,0,0,1,0,0
0,87,0,1,1,0,0,0,0,0,1,0,1,0,0,0,0,0,0,1,0
1,28,0,0,0,0,0,1,0,0,0,0,1,0,0,0,0,0,0,1,0
1,35,0,0,0,0,0,1,0,0,0,0,1,0,0,0,0,0,0,1,0
0,481,0,1,1,0,0,0,0,0,1,0,1,0,0,0,0,0,1,0,0
0,30,0,1,0,0,0,0,0,0,1,0,1,0,0,0,0,0,1,0,0
1,319,1,1,1,0,0,0,0,0,1,0,1,0,0,0,0,0,1,0,0
1,159,0,0,0,0,0,1,0,0,0,0,1,0,0,0,0,0,1,0,0
1,395,0,0,0,1,0,1,1,0,0,0,1,0,0,0,0,0,0,1,0
0,393,0,1,1,0,0,0,0,0,1,0,1,0,0,0,0,0,1,0,0
0,305,0,1,1,0,0,0,0,0,1,0,1,0,0,0,0,0,0,1,0
1,491,1,0,0,0,0,0,0,0,0,0,1,0,0,0,0,0,0,1,0
1,68,0,0,0,0,0,0,0,1,0,0,1,0,0,0,0,0,1,0,0
0,200,0,1,1,0,0,0,0,0,1,0,1,0,0,0,0,0,0,0,1
0,491,0,0,1,0,0,0,0,0,0,0,1,0,0,0,0,0,0,1,0
1,309,0,1,1,0,1,0,1,1,1,0,1,0,0,0,0,0,0,1,0
0,468,0,1,1,0,0,0,0,0,1,0,1,0,0,0,0,0,1,0,0
1,389,1,1,1,0,0,0,0,0,1,0,1,0,0,0,0,0,0,0,1
1,48,0,0,0,0,0,1,0,0,0,0,1,0,0,0,0,0,0,1,0
0,103,0,1,1,0,0,0,0,0,1,0,1,0,0,0,0,0,0,1,0
0,493,0,1,1,0,0,0,0,0,1,0,1,0,0,0,0,0,0,1,0
0,240,0,1,1,0,0,0,0,0,1,0,1,0,0,0,0,0,1,0,0
1,180,0,1,1,0,0,0,0,0,1,0,1,0,0,0,0,0,1,0,0
0,419,0,1,1,0,0,0,0,0,1,0,1,0,0,0,0,0,1,0,0
0,468,0,0,0,0,0,0,0,1,0,0,1,0,0,0,0,0,0,1,0
1,163,0,0,0,0,1,0,1,0,0,0,1,0,0,0,0,0,0,1,0
0,155,1,0,0,0,0,1,0,0,0,0,1,0,0,0,0,0,0,1,0
0,95,0,1,0,0,0,0,0,0,1,0,1,0,0,0,0,0,1,0,0
0,91,0,0,0,0,1,0,0,0,0,0,1,0,0,0,0,0,0,1,0
1,154,0,0,0,0,0,1,0,0,0,0,1,0,0,0,0,0,0,1,0
0,99,0,0,0,0,0,1,0,0,0,0,1,0,0,0,0,0,0,1,0
0,222,1,1,1,0,0,0,0,0,1,0,1,0,0,0,0,0,0,1,0
0,253,0,1,1,0,0,0,0,0,1,0,1,0,0,0,0,0,1,0,0
1,85,0,1,0,0,0,0,0,0,1,0,1,0,0,0,0,0,0,1,0
1,324,0,0,1,0,0,0,0,0,0,0,1,0,0,0,0,0,0,1,0
0,243,0,0,1,0,0,0,0,0,0,0,1,0,0,0,0,0,0,0,1
0,133,0,1,1,0,0,0,0,0,1,0,1,0,0,0,0,0,0,0,1
0,421,0,1,1,0,0,0,0,0,1,0,1,0,0,0,0,0,1,0,0
0,484,0,0,1,0,0,0,0,0,0,0,1,0,0,0,0,0,0,1,0
0,180,0,0,1,0,0,0,0,0,0,0,1,0,0,0,0,0,1,0,0
0,443,0,0,1,1,0,0,0,0,0,0,1,0,0,0,0,0,0,1,0
0,282,0,1,1,0,0,0,0,0,1,0,1,0,0,0,0,0,0,1,0
0,158,0,1,1,0,0,0,0,0,1,0,1,0,0,0,0,0,0,1,0
0,191,0,1,1,0,0,0,0,0,1,0,1,0,0,0,0,0,0,1,0
1,30,0,0,0,0,0,1,0,0,0,0,1,0,0,0,0,0,0,1,0
0,470,0,1,1,0,0,1,0,0,1,0,1,0,0,0,0,0,0,0,1
0,151,0,1,1,0,0,0,0,1,1,0,1,0,0,0,0,0,0,1,0
0,182,0,0,1,0,0,0,0,0,0,0,1,0,0,0,0,0,0,0,1
0,128,0,0,1,0,0,0,0,0,0,0,1,0,0,0,0,0,0,1,0
1,150,0,0,1,0,0,0,1,0,0,0,1,0,0,0,0,0,0,1,0
0,196,0,1,1,0,0,0,0,0,1,0,1,0,0,0,0,0,0,1,0
0,80,0,0,1,0,0,0,0,0,0,0,1,0,0,0,0,0,1,0,0
0,133,0,1,1,0,0,0,0,0,1,0,1,0,0,0,0,0,1,0,0
0,125,0,1,1,0,0,0,0,0,1,0,1,0,0,0,0,0,1,0,0
0,154,0,0,1,0,0,0,0,0,0,0,1,0,0,0,0,0,0,1,0
0,177,0,1,1,0,0,0,0,0,1,0,1,0,0,0,0,0,0,1,0
0,240,0,1,1,0,0,0,0,0,1,0,1,0,0,0,0,0,1,0,0
1,141,0,0,0,0,0,1,0,0,0,0,1,0,0,0,0,0,0,1,0
0,68,0,0,1,0,0,0,0,0,0,0,1,0,0,0,0,0,0,1,0
1,125,0,1,0,0,0,0,0,0,0,0,1,0,0,0,0,0,1,0,0
0,23,0,0,1,0,0,0,0,0,0,0,1,0,0,0,0,0,1,0,0
0,128,0,0,1,0,0,0,0,0,0,0,1,0,0,0,0,0,0,1,0
0,57,0,1,1,0,0,0,0,0,1,0,1,0,0,0,0,0,0,0,1
1,223,0,1,1,0,0,0,1,0,1,0,1,0,0,0,0,0,0,1,0
0,24,0,0,1,0,0,0,0,0,0,0,1,0,0,0,0,0,0,1,0
0,153,0,0,1,0,0,0,0,0,0,0,1,0,0,0,0,0,0,0,1
0,112,0,0,0,0,0,1,0,0,0,0,1,0,0,0,0,0,0,1,0
0,430,0,0,1,0,1,0,0,0,0,0,1,0,0,0,0,0,1,0,0
0,117,0,0,1,0,0,0,0,0,0,0,1,0,0,0,0,0,1,0,0
0,242,0,1,1,0,0,0,0,0,1,0,1,0,0,0,0,0,0,1,0
1,120,0,1,1,0,0,0,0,0,1,0,1,0,0,0,0,0,0,1,0
0,371,0,0,1,0,0,0,0,0,0,0,1,0,0,0,0,0,1,0,0
0,321,1,1,1,0,0,1,0,1,1,0,1,0,0,0,0,0,0,1,0
0,319,0,1,1,0,0,0,0,0,1,0,1,0,0,0,0,0,0,1,0
0,433,0,0,1,0,0,0,0,0,0,0,1,0,0,0,0,0,0,1,0
0,48,0,1,1,0,0,0,0,0,1,0,1,0,0,0,0,0,1,0,0
0,30,0,0,1,0,0,0,0,0,0,0,1,0,0,0,0,0,0,1,0
0,319,0,1,1,0,0,0,0,0,1,0,1,0,0,0,0,0,0,1,0
1,143,1,0,0,0,0,0,0,0,0,0,1,0,0,0,0,0,0,1,0
1,494,0,0,1,0,0,0,0,0,0,0,1,0,0,0,0,0,0,0,1
1,414,1,0,1,1,0,0,1,0,0,0,1,0,0,0,0,0,1,0,0
1,37,0,0,0,0,0,1,0,0,0,0,1,0,0,0,0,0,0,1,0
0,25,0,1,0,0,0,0,0,0,1,0,1,0,0,0,0,0,0,1,0
1,35,0,0,0,0,0,1,0,0,0,0,1,0,0,0,0,0,0,1,0
0,497,0,1,1,0,0,0,0,0,1,0,1,0,0,0,0,0,1,0,0
1,106,0,0,0,1,0,0,0,0,0,0,1,0,0,0,0,0,0,1,0
0,268,1,0,0,0,0,0,0,0,0,0,1,0,0,0,0,0,0,0,1
1,161,1,0,0,0,0,0,0,0,0,0,1,0,0,0,0,0,0,1,0
1,500,0,0,1,0,0,0,0,0,0,0,1,0,0,0,0,0,0,1,0
1,236,0,1,0,0,0,1,0,0,0,0,1,0,0,0,0,0,0,1,0
0,253,0,1,0,0,0,0,0,1,0,0,1,0,0,0,0,0,0,1,0
1,308,0,1,1,1,0,0,1,0,1,0,1,0,0,0,0,0,1,0,0
0,498,1,1,1,0,0,0,0,0,1,0,1,0,0,0,0,0,1,0,0
0,423,0,1,1,1,0,0,0,0,1,0,1,0,0,0,0,0,1,0,0
0,254,0,1,1,0,0,0,0,0,1,0,1,0,0,0,0,0,0,1,0
0,43,0,1,0,0,0,0,0,0,1,0,1,0,0,0,0,0,0,1,0
1,123,1,0,0,0,0,0,0,0,0,0,1,0,0,0,0,0,0,1,0
0,338,0,1,0,0,0,0,0,0,1,0,1,0,0,0,0,0,1,0,0
0,354,0,1,1,0,0,0,0,0,1,0,1,0,0,0,0,0,1,0,0
1,107,0,1,0,0,0,0,0,0,1,0,1,0,0,0,0,0,0,1,0
0,492,1,0,1,0,0,0,0,0,0,0,1,0,0,0,0,0,0,1,0
0,213,0,0,1,0,0,0,0,0,0,0,1,0,0,0,0,0,1,0,0
0,188,0,1,1,0,0,0,0,0,1,0,1,0,0,0,0,0,1,0,0
0,243,0,1,1,0,0,0,0,0,1,0,1,0,0,0,0,0,1,0,0
1,155,1,0,0,0,0,0,0,0,0,0,1,0,0,0,0,0,0,0,1
0,500,0,0,1,0,0,0,0,1,0,0,1,0,0,0,0,0,1,0,0
1,220,0,0,0,1,1,0,0,0,0,0,1,0,0,0,0,0,0,1,0
0,495,1,0,0,0,1,1,0,0,0,0,1,0,0,0,0,0,0,1,0
1,274,0,1,1,0,0,0,0,0,1,0,1,0,0,0,0,0,0,1,0
0,271,0,1,1,0,0,0,0,0,1,0,1,0,0,0,0,0,0,1,0
1,107,0,0,0,0,0,1,0,0,0,0,1,0,0,0,0,0,0,1,0
0,376,0,1,1,0,0,0,0,0,1,0,1,0,0,0,0,0,0,1,0
0,71,0,0,1,0,0,0,0,0,0,0,1,0,0,0,0,0,0,1,0
0,335,1,0,0,0,0,1,0,0,0,0,1,0,0,0,0,0,0,1,0
1,26,0,0,0,0,0,1,0,0,0,0,1,0,0,0,0,0,0,1,0
1,32,1,0,0,0,0,0,0,0,0,0,1,0,0,0,0,0,0,1,0
1,225,0,1,0,0,0,0,0,0,0,0,1,0,0,0,0,0,0,1,0
0,76,0,0,1,0,0,0,0,0,0,0,1,0,0,0,0,0,1,0,0
0,38,0,0,1,0,0,0,0,0,0,0,1,0,0,0,0,0,0,0,1
0,251,0,1,1,0,0,0,0,0,1,0,1,0,0,0,0,0,0,1,0
0,117,0,1,1,0,0,0,0,0,1,0,1,0,0,0,0,0,0,1,0
1,143,0,0,0,0,1,0,0,0,0,0,1,0,0,0,0,0,0,0,1
0,344,0,0,1,0,0,0,0,0,1,0,1,0,0,0,0,0,1,0,0
0,50,0,0,1,0,0,0,0,0,0,0,1,0,0,0,0,0,1,0,0
0,498,0,0,0,0,1,0,0,0,0,0,1,0,0,0,0,0,0,1,0
1,289,1,0,0,0,0,1,0,0,0,0,1,0,0,0,0,0,0,0,1
0,109,0,1,1,0,0,0,0,0,1,0,1,0,0,0,0,0,0,1,0
1,190,0,0,0,0,0,1,0,0,0,0,1,0,0,0,0,0,0,1,0
0,319,0,1,1,0,0,0,0,0,1,0,1,0,0,0,0,0,0,1,0
0,90,0,0,1,0,0,0,0,0,0,0,1,0,0,0,0,0,0,1,0
0,242,1,0,0,0,0,1,0,0,0,0,1,0,0,0,0,0,1,0,0
0,222,0,1,1,0,0,0,0,0,1,0,1,0,0,0,0,0,1,0,0
0,202,0,1,1,0,0,0,0,0,1,0,1,0,0,0,0,0,1,0,0
0,276,0,1,1,0,0,0,0,0,1,0,1,0,0,0,0,0,1,0,0
1,41,0,0,0,0,1,0,0,0,0,0,1,0,0,0,0,0,1,0,0
0,292,0,0,0,0,0,0,0,1,0,0,1,0,0,0,0,0,0,0,1
0,92,0,1,1,0,0,0,0,0,1,0,1,0,0,0,0,0,1,0,0
0,108,0,1,1,0,0,0,0,0,1,0,1,0,0,0,0,0,1,0,0
1,458,0,0,0,0,1,1,0,0,0,0,1,0,0,0,0,0,0,1,0
0,68,0,1,1,0,0,0,0,0,1,0,1,0,0,0,0,0,1,0,0
0,62,0,1,1,0,0,0,0,0,1,0,1,0,0,0,0,0,0,1,0
0,181,0,0,0,0,0,1,0,0,0,0,1,0,0,0,0,0,0,1,0
0,276,0,1,1,0,0,0,0,0,1,0,1,0,0,0,0,0,1,0,0
0,311,0,1,0,0,0,0,0,0,0,0,1,0,0,0,0,0,0,1,0
0,125,0,0,1,0,0,0,0,0,0,0,1,0,0,0,0,0,0,0,1
0,163,0,1,1,0,0,0,0,0,1,0,1,0,0,0,0,0,0,1,0
0,492,0,1,1,0,0,0,0,0,1,0,1,0,0,0,0,0,0,1,0
1,452,0,1,1,0,0,0,0,0,1,0,1,0,0,0,0,0,1,0,0
0,169,0,1,1,0,0,0,0,0,1,0,1,0,0,0,0,0,0,1,0
1,358,0,1,1,1,0,0,0,1,1,0,1,0,0,0,0,0,0,1,0
0,288,0,1,1,0,0,0,0,1,1,0,1,0,0,0,0,0,0,1,0
0,57,0,0,1,0,0,0,0,0,0,0,1,0,0,0,0,0,1,0,0
0,28,0,0,1,0,0,0,0,0,0,0,1,0,0,0,0,0,0,1,0
0,51,0,0,1,0,0,0,0,0,0,0,1,0,0,0,0,0,1,0,0
1,168,0,0,0,0,1,0,1,0,0,0,1,0,0,0,0,0,0,1,0
0,497,0,1,1,0,0,0,0,0,1,0,1,0,0,0,0,0,0,1,0
0,199,0,0,0,0,0,1,0,0,0,0,1,0,0,0,0,0,0,1,0
1,133,0,0,0,0,0,1,0,0,0,0,1,0,0,0,0,0,0,1,0
0,495,1,0,1,0,0,0,0,1,0,0,1,0,0,0,0,0,0,1,0
0,36,0,0,1,0,0,0,0,0,0,0,1,0,0,0,0,0,1,0,0
0,482,1,1,1,0,0,0,0,0,1,0,1,0,0,0,0,0,1,0,0
0,39,0,1,0,0,0,0,0,0,0,0,1,0,0,0,0,0,0,1,0
0,227,0,1,1,0,0,0,0,0,1,0,1,0,0,0,0,0,1,0,0
0,45,0,1,1,0,0,0,0,0,1,0,1,0,0,0,0,0,1,0,0
0,452,0,1,1,0,0,0,0,0,1,0,1,0,0,0,0,0,0,1,0
0,315,0,1,1,0,0,0,0,0,1,0,1,0,0,0,0,0,0,1,0
0,467,0,0,1,0,0,0,0,0,0,0,1,0,0,0,0,0,0,1,0
0,202,1,0,0,0,0,0,0,0,0,0,1,0,0,0,0,0,0,0,1
0,369,0,1,1,0,0,0,0,0,1,0,1,0,0,0,0,0,0,1,0
0,179,1,1,1,0,0,0,0,0,1,0,1,0,0,0,0,0,0,1,0
0,439,0,0,0,0,0,1,0,0,0,0,1,0,0,0,0,0,0,1,0
0,178,1,0,1,0,1,0,0,0,0,0,1,0,0,0,0,0,0,1,0
1,351,0,1,1,0,0,0,1,0,1,0,1,0,0,0,0,0,1,0,0
0,223,0,1,1,0,0,0,0,0,1,0,1,0,0,0,0,0,0,1,0
0,425,0,1,0,0,0,1,0,0,0,0,1,0,0,0,0,0,0,1,0
0,93,0,0,1,0,0,0,0,0,0,0,1,0,0,0,0,0,1,0,0
0,482,0,1,1,0,0,0,0,0,1,0,1,0,0,0,0,0,1,0,0
0,101,0,1,1,0,0,0,0,0,1,0,1,0,0,0,0,0,1,0,0
1,452,1,0,0,0,0,0,1,0,0,0,1,0,0,0,0,0,0,1,0
1,58,0,0,0,0,0,1,0,0,0,0,1,0,0,0,0,0,0,1,0
0,74,0,1,0,0,0,0,0,0,1,0,1,0,0,0,0,0,0,1,0
0,295,1,0,0,0,0,0,0,0,0,0,1,0,0,0,0,0,0,0,1
0,82,0,0,1,0,0,0,0,0,0,0,1,0,0,0,0,0,0,1,0
0,27,0,1,0,0,0,0,0,0,1,0,1,0,0,0,0,0,0,1,0
0,178,0,0,1,0,0,0,0,0,0,0,1,0,0,0,0,0,1,0,0
0,424,1,1,1,0,0,0,0,0,1,0,1,0,0,0,0,0,0,1,0
0,326,0,1,1,0,0,0,0,0,1,0,1,0,0,0,0,0,0,1,0
0,42,0,0,1,0,0,0,0,0,0,0,1,0,0,0,0,0,0,1,0
0,208,0,1,1,0,0,0,0,0,1,0,1,0,0,0,0,0,0,1,0
0,426,0,1,1,0,0,0,0,1,1,0,1,0,0,0,0,0,0,1,0
0,212,0,1,1,0,0,0,0,0,1,0,1,0,0,0,0,0,0,1,0
0,57,0,0,1,0,0,0,0,0,0,0,1,0,0,0,0,0,0,1,0
0,350,0,1,1,0,0,0,0,1,1,0,1,0,0,0,0,0,0,1,0
0,313,0,1,1,0,0,0,0,0,1,0,1,0,0,0,0,0,1,0,0
0,285,0,1,1,0,0,0,0,0,1,0,1,0,0,0,0,0,1,0,0
1,71,0,1,0,0,0,0,0,0,0,0,1,0,0,0,0,0,0,0,1
1,179,0,0,1,0,0,0,0,0,0,0,1,0,0,0,0,0,0,1,0
1,221,0,0,0,0,0,0,1,0,0,0,1,0,0,0,0,0,0,1,0
0,422,0,0,1,0,0,0,0,1,0,0,1,0,0,0,0,0,0,1,0
1,436,0,1,1,0,0,0,0,0,1,0,1,0,0,0,0,0,0,1,0
0,78,0,0,1,0,0,0,0,0,0,0,1,0,0,0,0,0,0,1,0
0,199,0,1,1,0,0,0,0,0,1,0,1,0,0,0,0,0,0,1,0
0,68,0,0,1,0,0,0,0,0,0,0,1,0,0,0,0,0,0,1,0
0,361,0,1,1,0,0,0,0,0,1,0,1,0,0,0,0,0,0,1,0
0,74,0,0,1,0,0,0,0,0,0,0,1,0,0,0,0,0,0,1,0
1,66,0,0,0,0,0,1,0,0,0,0,1,0,0,0,0,0,0,0,1
0,74,0,1,1,0,0,0,0,0,1,0,1,0,0,0,0,0,1,0,0
0,43,0,0,1,0,0,0,0,0,0,0,1,0,0,0,0,0,0,1,0
0,41,0,1,1,0,0,0,0,0,1,0,1,0,0,0,0,0,1,0,0
1,486,0,1,1,0,0,0,0,0,1,0,1,0,0,0,0,0,1,0,0
1,51,0,0,0,0,0,1,0,0,0,0,1,0,0,0,0,0,0,1,0
0,434,1,1,1,0,0,0,0,0,1,0,1,0,0,0,0,0,1,0,0
0,279,0,1,1,0,1,0,0,0,1,0,1,0,0,0,0,0,0,1,0
0,467,0,1,1,0,0,0,0,0,1,0,1,0,0,0,0,0,0,1,0
0,165,1,0,0,0,0,0,0,0,0,0,1,0,0,0,0,0,0,1,0
0,358,0,1,1,0,0,0,0,0,1,0,1,0,0,0,0,0,0,1,0
0,324,0,0,1,0,0,0,0,0,0,0,1,0,0,0,0,0,0,1,0
0,193,0,0,1,0,0,0,0,0,0,0,1,0,0,0,0,0,1,0,0
0,253,0,1,1,1,0,0,0,0,1,0,1,0,0,0,0,0,0,1,0
0,355,0,0,1,0,0,0,0,0,0,0,1,0,0,0,0,0,0,1,0
0,218,0,1,1,0,0,0,0,1,1,0,1,0,0,0,0,0,0,1,0
1,326,0,0,0,0,0,1,0,0,0,0,1,0,0,0,0,0,0,0,1
1,154,0,0,0,0,0,1,0,0,0,0,1,0,0,0,0,0,0,1,0
0,19,0,0,1,0,0,0,0,0,0,0,1,0,0,0,0,0,1,0,0
1,500,0,1,1,0,0,0,1,0,1,0,1,0,0,0,0,0,0,1,0
0,229,0,0,1,0,0,0,0,0,0,0,1,0,0,0,0,0,1,0,0
0,395,0,1,1,1,0,0,0,0,1,0,1,0,0,0,0,0,0,1,0
0,66,0,0,1,0,0,0,0,0,0,0,1,0,0,0,0,0,1,0,0
0,61,0,1,1,0,0,0,0,0,1,0,1,0,0,0,0,0,1,0,0
0,496,0,1,1,0,0,0,0,0,1,0,1,0,0,0,0,0,1,0,0
1,18,0,0,0,0,0,1,0,0,0,0,1,0,0,0,0,0,0,1,0
0,477,1,1,1,0,0,0,0,0,1,0,1,0,0,0,0,0,0,1,0
0,51,0,0,1,0,0,0,0,0,0,0,1,0,0,0,0,0,0,1,0
0,500,0,1,1,0,0,0,0,0,1,0,1,0,0,0,0,0,0,1,0
0,163,0,0,1,0,0,0,0,0,0,0,1,0,0,0,0,0,1,0,0
0,17,0,1,0,0,0,0,0,0,1,0,1,0,0,0,0,0,1,0,0
0,156,1,0,0,1,0,0,0,1,0,0,1,0,0,0,0,0,0,1,0
1,313,1,0,0,0,0,0,0,0,0,0,1,0,0,0,0,0,0,1,0
0,487,0,1,1,0,0,0,0,1,1,0,1,0,0,0,0,0,0,0,1
0,340,0,0,1,0,0,0,0,0,0,0,1,0,0,0,0,0,0,1,0
0,58,0,1,1,0,0,0,0,0,1,0,1,0,0,0,0,0,0,1,0
1,45,1,0,0,0,0,0,0,0,0,0,1,0,0,0,0,0,1,0,0
0,262,0,1,1,0,0,0,0,0,1,0,1,0,0,0,0,0,0,1,0
0,201,0,1,1,0,0,0,0,0,1,0,1,0,0,0,0,0,1,0,0
0,173,0,1,1,0,0,0,0,0,1,0,1,0,0,0,0,0,1,0,0
0,399,1,0,1,0,0,0,0,0,0,0,1,0,0,0,0,0,0,1,0
1,279,0,0,0,1,0,0,1,0,0,0,1,0,0,0,0,0,0,1,0
0,43,0,1,1,0,0,0,0,0,1,0,1,0,0,0,0,0,0,1,0
1,152,0,0,0,0,0,0,0,1,0,0,1,0,0,0,0,0,0,1,0
0,276,0,0,1,0,0,0,0,0,0,0,1,0,0,0,0,0,1,0,0
0,341,0,0,1,0,0,0,0,0,0,0,1,0,0,0,0,0,0,1,0
0,412,0,1,1,0,0,0,0,0,1,0,1,0,0,0,0,0,0,1,0
1,169,0,1,1,0,0,0,0,0,1,0,1,0,0,0,0,0,0,1,0
0,112,0,1,1,0,0,0,0,0,1,0,1,0,0,0,0,0,0,1,0
0,220,0,1,1,0,0,0,0,0,1,0,1,0,0,0,0,0,1,0,0
0,464,1,1,1,0,0,0,0,0,1,0,1,0,0,0,0,0,0,1,0
1,73,0,0,0,0,0,1,0,0,0,0,1,0,0,0,0,0,1,0,0
0,281,0,1,1,0,0,0,0,0,1,0,1,0,0,0,0,0,0,0,1
0,203,0,0,1,0,0,0,0,0,0,0,1,0,0,0,0,0,1,0,0
1,224,0,0,0,0,0,1,0,0,0,0,1,0,0,0,0,0,0,1,0
1,52,1,0,0,0,0,0,0,0,0,0,1,0,0,0,0,0,0,1,0
1,70,1,0,0,0,0,0,0,0,0,0,1,0,0,0,0,0,0,1,0
0,45,0,1,1,0,0,0,0,0,1,0,1,0,0,0,0,0,0,1,0
0,499,1,1,1,0,0,0,0,0,1,0,1,0,0,0,0,0,0,1,0
1,59,0,0,0,0,0,1,0,0,0,0,1,0,0,0,0,0,0,1,0
0,287,0,1,1,0,0,0,0,0,1,0,1,0,0,0,0,0,1,0,0
0,500,0,0,1,0,0,0,0,1,0,0,1,0,0,0,0,0,0,0,1
0,410,0,0,1,0,0,0,0,0,0,0,1,0,0,0,0,0,0,1,0
0,288,0,0,1,0,0,0,0,0,0,0,1,0,0,0,0,0,1,0,0
0,169,0,0,0,1,0,0,0,0,0,0,1,0,0,0,0,0,0,1,0
0,95,0,1,0,0,0,0,0,0,1,0,1,0,0,0,0,0,0,0,1
0,82,0,0,1,0,0,0,0,0,0,0,1,0,0,0,0,0,0,1,0
1,158,1,0,0,0,0,0,0,0,0,0,1,0,0,0,0,0,0,0,1
0,161,0,1,1,0,0,0,0,0,1,0,1,0,0,0,0,0,0,1,0
0,121,0,0,0,0,0,1,0,0,0,0,1,0,0,0,0,0,0,1,0
1,143,1,0,0,0,0,0,0,0,0,0,1,0,0,0,0,0,0,0,1
1,484,1,0,1,0,0,0,1,0,0,0,1,0,0,0,0,0,1,0,0
0,189,0,1,1,0,0,0,0,0,1,0,1,0,0,0,0,0,1,0,0
0,204,1,0,1,0,0,0,0,0,0,0,1,0,0,0,0,0,1,0,0
0,207,0,0,1,0,0,0,0,0,0,0,1,0,0,0,0,0,0,1,0
1,307,0,1,0,0,0,0,0,0,0,0,1,0,0,0,0,0,0,1,0
0,35,0,0,1,0,0,0,0,0,0,0,1,0,0,0,0,0,0,1,0
1,51,1,0,0,0,0,0,0,0,0,0,1,0,0,0,0,0,0,1,0
0,164,0,0,1,0,1,0,0,0,0,0,1,0,0,0,0,0,1,0,0
0,466,0,1,1,0,0,0,0,0,1,0,1,0,0,0,0,0,0,1,0
0,152,0,0,0,1,0,1,0,0,0,0,1,0,0,0,0,0,0,1,0
0,433,0,1,1,0,0,0,0,1,1,0,1,0,0,0,0,0,0,1,0
1,57,0,0,0,0,0,1,0,0,0,0,1,0,0,0,0,0,1,0,0
1,330,0,1,1,0,0,0,0,0,1,0,1,0,0,0,0,0,0,1,0
0,497,0,0,1,0,0,0,0,0,0,0,1,0,0,0,0,0,1,0,0
0,139,0,1,0,0,0,0,0,0,1,0,1,0,0,0,0,0,0,1,0
0,495,0,1,1,0,0,0,0,0,1,0,1,0,0,0,0,0,0,1,0
1,351,0,0,0,0,0,1,0,0,0,0,1,0,0,0,0,0,1,0,0
0,238,0,0,1,1,0,0,0,0,1,0,1,0,0,0,0,0,0,1,0
0,236,0,0,1,0,0,0,0,0,0,0,1,0,0,0,0,0,0,1,0
0,134,0,0,1,0,0,0,0,0,0,0,1,0,0,0,0,0,0,1,0
1,311,1,1,1,0,0,0,0,0,1,0,1,0,0,0,0,0,1,0,0
1,323,0,1,1,0,0,0,0,0,1,0,1,0,0,0,0,0,0,1,0
0,413,1,1,1,1,1,1,0,0,1,0,1,0,0,0,0,0,0,1,0
0,325,0,1,1,0,0,0,0,0,1,0,1,0,0,0,0,0,0,1,0
1,52,0,0,0,0,1,0,0,0,0,0,1,0,0,0,0,0,0,1,0
1,461,0,0,0,1,0,0,0,1,0,0,1,0,0,0,0,0,0,1,0
0,146,0,0,1,0,0,0,0,0,0,0,1,0,0,0,0,0,1,0,0
0,498,0,1,1,0,0,0,0,1,1,0,1,0,0,0,0,0,1,0,0
0,123,0,0,1,0,0,0,0,0,0,0,1,0,0,0,0,0,0,1,0
0,140,0,1,1,0,0,0,0,0,1,0,1,0,0,0,0,0,1,0,0
0,114,1,0,0,0,0,0,0,0,0,0,1,0,0,0,0,0,0,1,0
1,54,0,0,0,0,0,1,0,0,0,0,1,0,0,0,0,0,0,1,0
0,146,0,0,1,0,0,0,0,0,0,0,1,0,0,0,0,0,1,0,0
0,67,0,1,1,0,0,0,0,0,1,0,1,0,0,0,0,0,1,0,0
0,131,0,0,1,0,0,0,0,0,0,0,1,0,0,0,0,0,1,0,0
0,234,0,1,1,0,0,0,0,0,1,0,1,0,0,0,0,0,0,1,0
1,178,0,0,0,1,1,0,0,0,0,0,1,0,0,0,0,0,0,1,0
0,71,0,1,1,0,0,0,0,0,1,0,1,0,0,0,0,0,1,0,0
0,177,0,0,1,0,0,0,0,0,0,0,1,0,0,0,0,0,1,0,0
0,153,0,0,1,0,0,0,0,0,0,0,1,0,0,0,0,0,1,0,0
1,21,0,0,0,0,0,1,0,0,0,0,1,0,0,0,0,0,0,1,0
1,466,1,1,1,0,0,0,1,0,1,0,1,0,0,0,0,0,0,1,0
1,53,1,0,0,0,0,0,0,0,0,0,1,0,0,0,0,0,0,1,0
0,97,0,0,1,0,0,0,0,0,0,0,1,0,0,0,0,0,0,1,0
0,97,0,1,1,0,0,0,0,0,1,0,1,0,0,0,0,0,1,0,0
0,294,0,0,0,0,1,0,0,0,0,0,1,0,0,0,0,0,0,1,0
0,70,0,0,1,0,0,0,0,0,0,0,1,0,0,0,0,0,1,0,0
0,116,0,1,0,0,0,0,0,0,0,0,1,0,0,0,0,0,1,0,0
1,93,0,0,0,0,0,1,0,0,0,0,1,0,0,0,0,0,1,0,0
0,96,0,0,0,0,0,0,0,1,0,0,1,0,0,0,0,0,0,1,0
1,27,0,1,0,0,0,0,0,0,1,0,1,0,0,0,0,0,0,1,0
1,433,0,1,1,0,0,0,0,0,1,0,1,0,0,0,0,0,0,1,0
0,27,0,0,1,0,0,0,0,0,0,0,1,0,0,0,0,0,1,0,0
0,500,0,0,1,0,0,0,0,0,0,0,1,0,0,0,0,0,0,1,0
0,249,1,0,0,0,0,0,0,0,0,0,1,0,0,0,0,0,0,1,0
0,250,0,1,1,0,0,0,0,1,1,0,1,0,0,0,0,0,1,0,0
0,139,0,1,1,0,0,0,0,0,1,0,1,0,0,0,0,0,1,0,0
1,14,0,0,0,0,0,1,0,0,0,0,1,0,0,0,0,0,0,1,0
0,202,0,0,1,0,0,0,0,0,0,0,1,0,0,0,0,0,1,0,0
0,169,0,1,1,0,0,0,0,0,1,0,1,0,0,0,0,0,1,0,0
1,150,1,0,0,0,0,0,0,0,0,0,1,0,0,0,0,0,0,1,0
0,226,0,0,1,0,0,0,0,0,0,0,1,0,0,0,0,0,0,1,0
0,500,0,0,0,1,1,0,0,0,0,0,1,0,0,0,0,0,0,1,0
0,20,0,1,0,0,0,0,0,0,1,0,1,0,0,0,0,0,1,0,0
0,211,0,0,0,0,1,0,0,0,0,0,1,0,0,0,0,0,0,1,0
0,220,0,1,1,0,0,0,0,0,1,0,1,0,0,0,0,0,1,0,0
1,47,0,0,0,0,0,1,0,0,0,0,1,0,0,0,0,0,0,0,1
0,410,0,1,1,0,0,0,0,0,1,0,1,0,0,0,0,0,1,0,0
0,214,0,1,1,0,0,0,0,0,1,0,1,0,0,0,0,0,1,0,0
0,457,0,1,1,0,0,0,0,0,1,0,1,0,0,0,0,0,1,0,0
1,215,1,1,1,0,0,0,1,0,1,0,1,0,0,0,0,0,0,1,0
1,90,0,0,0,0,0,1,0,0,0,0,1,0,0,0,0,0,0,1,0
0,117,0,0,0,0,0,1,0,0,0,0,1,0,0,0,0,0,0,1,0
1,108,0,0,0,0,0,1,0,0,0,0,1,0,0,0,0,0,0,1,0
0,182,0,0,1,0,0,0,0,0,1,0,1,0,0,0,0,0,1,0,0
1,68,0,0,0,0,0,1,0,0,0,0,1,0,0,0,0,0,0,1,0
0,226,0,0,0,0,0,0,0,1,0,0,1,0,0,0,0,0,0,1,0
0,259,0,0,0,1,0,1,0,1,0,0,1,0,0,0,0,0,1,0,0
1,69,0,0,0,0,1,0,0,0,0,0,1,0,0,0,0,0,0,1,0
0,210,0,0,1,0,0,0,0,0,0,0,1,0,0,0,0,0,1,0,0
0,495,0,1,1,0,0,0,0,0,1,0,1,0,0,0,0,0,0,1,0
1,124,0,0,0,0,0,0,1,0,0,0,1,0,0,0,0,0,0,1,0
0,296,0,1,1,1,0,0,0,0,1,0,1,0,0,0,0,0,0,1,0
0,319,0,1,1,0,1,0,0,0,1,0,1,0,0,0,0,0,1,0,0
0,209,0,0,1,0,0,0,0,0,0,0,1,0,0,0,0,0,0,1,0
1,201,0,0,1,0,0,0,0,0,0,0,1,0,0,0,0,0,1,0,0
0,76,0,0,1,0,0,0,0,0,0,0,1,0,0,0,0,0,0,1,0
0,64,0,0,0,0,1,0,0,0,0,0,1,0,0,0,0,0,0,1,0
0,6,0,0,1,0,0,0,0,0,0,0,1,0,0,0,0,0,0,1,0
0,175,0,0,1,0,0,0,0,0,0,0,1,0,0,0,0,0,0,1,0
0,483,0,0,1,1,0,0,0,0,0,0,1,0,0,0,0,0,0,1,0
0,373,1,1,0,0,1,0,0,0,1,0,1,0,0,0,0,0,1,0,0
1,270,0,0,0,0,0,1,0,0,0,0,1,0,0,0,0,0,0,1,0
0,29,0,0,1,0,0,0,0,0,0,0,1,0,0,0,0,0,0,1,0
1,258,0,0,0,0,0,0,0,1,0,0,1,0,0,0,0,0,0,1,0
0,328,1,0,0,0,0,0,0,0,0,0,1,0,0,0,0,0,0,0,1
0,493,0,1,1,0,0,0,0,0,1,0,1,0,0,0,0,0,1,0,0
0,69,1,0,0,0,0,0,0,0,0,0,1,0,0,0,0,0,0,1,0
1,56,0,0,0,0,0,1,0,0,0,0,1,0,0,0,0,0,0,1,0
0,314,0,1,1,0,0,0,0,0,1,0,1,0,0,0,0,0,0,1,0
0,110,0,0,1,0,0,0,0,0,0,0,1,0,0,0,0,0,1,0,0
1,16,0,0,1,0,0,0,0,0,0,0,1,0,0,0,0,0,0,1,0
0,162,0,0,1,0,0,0,0,0,0,0,1,0,0,0,0,0,0,1,0
0,235,0,1,1,0,0,0,0,0,1,0,1,0,0,0,0,0,1,0,0
0,280,0,0,1,0,0,0,0,0,0,0,1,0,0,0,0,0,1,0,0
0,184,0,0,0,0,0,1,0,0,0,0,1,0,0,0,0,0,0,1,0
0,69,0,1,1,0,0,0,0,0,1,0,1,0,0,0,0,0,1,0,0
0,171,0,0,0,0,0,1,0,0,0,0,1,0,0,0,0,0,0,1,0
1,291,0,1,1,0,0,1,0,1,1,0,1,0,0,0,0,0,0,0,1
0,340,0,1,1,0,0,0,0,1,1,0,1,0,0,0,0,0,0,1,0
1,51,0,0,0,0,0,1,0,0,0,0,1,0,0,0,0,0,0,0,1
1,466,0,0,0,0,1,0,1,0,0,0,1,0,0,0,0,0,1,0,0
0,269,0,1,1,0,1,0,0,0,1,0,1,0,0,0,0,0,0,1,0
0,285,0,0,1,0,0,0,0,0,0,0,1,0,0,0,0,0,0,1,0
0,254,0,1,1,0,0,0,0,0,1,0,1,0,0,0,0,0,1,0,0
0,359,0,1,1,0,0,0,0,0,1,0,1,0,0,0,0,0,0,1,0
1,128,0,0,0,0,0,1,0,0,0,0,1,0,0,0,0,0,1,0,0
0,494,0,0,1,0,0,0,0,0,0,0,1,0,0,0,0,0,1,0,0
1,87,0,0,0,0,0,0,0,1,0,0,1,0,0,0,0,0,0,1,0
0,325,0,1,1,0,0,0,0,0,1,0,1,0,0,0,0,0,0,1,0
0,56,0,0,1,0,0,0,0,0,0,0,1,0,0,0,0,0,1,0,0
1,144,0,0,1,0,0,0,0,0,0,0,1,0,0,0,0,0,0,1,0
1,35,0,0,0,1,0,0,0,0,0,0,1,0,0,0,0,0,0,1,0
0,99,0,0,0,0,0,1,0,0,0,0,1,0,0,0,0,0,0,1,0
0,104,0,0,1,0,0,0,0,0,0,0,1,0,0,0,0,0,0,1,0
0,222,0,0,1,0,0,0,0,0,0,0,1,0,0,0,0,0,0,1,0
1,473,0,0,0,0,0,0,1,0,0,0,1,0,0,0,0,0,0,0,1
0,237,0,1,1,0,0,0,0,0,1,0,1,0,0,0,0,0,1,0,0
0,135,0,0,1,0,0,0,0,0,0,0,1,0,0,0,0,0,1,0,0
1,69,0,0,0,0,0,1,0,0,0,0,1,0,0,0,0,0,0,1,0
1,299,0,0,1,0,0,0,1,0,0,0,1,0,0,0,0,0,1,0,0
0,255,0,1,1,0,0,0,0,1,1,0,1,0,0,0,0,0,1,0,0
0,169,0,1,1,0,0,0,0,0,1,0,1,0,0,0,0,0,1,0,0
1,59,0,0,0,0,0,1,0,0,0,0,1,0,0,0,0,0,0,1,0
0,500,0,1,1,0,0,0,0,0,1,0,1,0,0,0,0,0,0,0,1
1,490,0,1,1,0,0,0,1,1,1,0,1,0,0,0,0,0,0,1,0
0,166,0,0,1,0,0,0,0,0,0,0,1,0,0,0,0,0,1,0,0
0,151,0,0,1,1,0,0,0,0,0,0,1,0,0,0,0,0,1,0,0
0,492,0,1,1,0,0,0,0,0,1,0,1,0,0,0,0,0,0,1,0
0,188,0,0,1,0,0,0,0,0,0,0,1,0,0,0,0,0,1,0,0
0,104,0,0,1,0,0,0,0,0,0,0,1,0,0,0,0,0,0,1,0
0,497,0,1,1,0,1,0,0,0,1,0,1,0,0,0,0,0,0,0,1
0,173,0,0,1,0,0,0,0,0,0,0,1,0,0,0,0,0,0,1,0
1,148,0,0,0,0,0,0,0,1,0,0,1,0,0,0,0,0,0,1,0
1,80,0,0,0,0,0,1,0,0,0,0,1,0,0,0,0,0,0,1,0
1,205,1,0,0,0,0,0,0,0,0,0,1,0,0,0,0,0,0,1,0
0,153,0,0,1,0,0,0,0,0,0,0,1,0,0,0,0,0,1,0,0
0,25,0,0,1,0,0,0,0,0,0,0,1,0,0,0,0,0,1,0,0
0,261,0,1,1,0,0,0,0,0,1,0,1,0,0,0,0,0,0,1,0
1,446,1,0,0,0,0,0,1,0,0,0,1,0,0,0,0,0,0,1,0
0,484,0,0,0,0,0,1,0,0,0,0,1,0,0,0,0,0,0,1,0
1,88,0,0,0,0,0,1,0,0,0,0,1,0,0,0,0,0,0,1,0
1,17,0,0,0,0,0,0,1,0,0,0,1,0,0,0,0,0,0,1,0
0,270,0,1,1,0,0,0,0,0,1,0,1,0,0,0,0,0,0,1,0
0,390,0,1,1,0,0,0,0,0,1,0,1,0,0,0,0,0,0,1,0
0,438,0,1,1,0,0,0,0,0,1,0,1,0,0,0,0,0,0,1,0
0,196,0,0,0,0,0,1,0,0,0,0,1,0,0,0,0,0,0,1,0
0,457,0,1,1,0,0,0,0,0,1,0,1,0,0,0,0,0,1,0,0
0,51,1,0,0,0,0,0,0,0,0,0,1,0,0,0,0,0,0,1,0
1,63,0,0,0,0,0,1,0,0,0,0,1,0,0,0,0,0,0,1,0
0,365,0,1,1,0,0,0,0,0,1,0,1,0,0,0,0,0,0,1,0
1,159,1,0,0,0,0,1,0,0,0,0,1,0,0,0,0,0,0,0,1
1,109,0,0,0,0,0,1,0,0,0,0,1,0,0,0,0,0,0,1,0
0,187,0,1,1,0,0,0,0,0,1,0,1,0,0,0,0,0,0,1,0
0,461,0,0,0,1,0,0,0,1,0,0,1,0,0,0,0,0,1,0,0
0,215,0,0,1,0,0,0,0,0,0,0,1,0,0,0,0,0,0,0,1
0,405,1,0,0,0,0,0,0,0,0,0,1,0,0,0,0,0,0,0,1
1,51,1,0,0,0,0,0,0,0,0,0,1,0,0,0,0,0,0,1,0
0,434,0,1,1,0,0,0,0,0,1,0,1,0,0,0,0,0,0,1,0
0,470,0,1,1,0,0,0,0,0,1,0,1,0,0,0,0,0,0,1,0
0,161,0,1,1,0,0,0,0,0,1,0,1,0,0,0,0,0,1,0,0
0,489,0,1,1,0,0,0,0,0,1,0,1,0,0,0,0,0,0,1,0
1,488,0,1,1,0,0,0,1,0,1,0,1,0,0,0,0,0,0,1,0
0,124,0,1,1,0,0,0,0,0,1,0,1,0,0,0,0,0,0,1,0
1,249,0,1,1,1,0,0,0,0,1,0,1,0,0,0,0,0,0,1,0
0,33,0,0,1,0,0,0,0,0,0,0,1,0,0,0,0,0,1,0,0
1,53,0,0,0,0,0,1,0,0,0,0,1,0,0,0,0,0,0,1,0
0,215,0,1,1,0,0,1,0,0,1,0,1,0,0,0,0,0,1,0,0
0,186,0,1,1,0,0,0,0,0,1,0,1,0,0,0,0,0,1,0,0
1,61,1,0,0,0,0,0,0,0,0,0,1,0,0,0,0,0,0,0,1
0,44,0,0,1,0,0,0,0,0,0,0,1,0,0,0,0,0,1,0,0
1,63,0,0,0,0,0,1,0,0,0,0,1,0,0,0,0,0,0,1,0
0,482,0,1,1,0,0,0,0,0,1,0,1,0,0,0,0,0,1,0,0
1,34,0,0,0,0,0,1,0,0,0,0,1,0,0,0,0,0,0,1,0
0,223,0,0,1,1,0,0,0,0,0,0,1,0,0,0,0,0,1,0,0
0,46,0,1,1,0,0,0,0,0,1,0,1,0,0,0,0,0,0,1,0
0,196,1,0,0,0,0,0,0,0,0,0,1,0,0,0,0,0,0,1,0
0,49,0,0,1,0,0,0,0,0,0,0,1,0,0,0,0,0,1,0,0
0,238,0,0,1,0,0,0,0,0,0,0,1,0,0,0,0,0,0,1,0
0,225,0,0,1,0,0,0,0,0,0,0,1,0,0,0,0,0,0,1,0
0,357,0,1,1,0,0,0,0,0,1,0,1,0,0,0,0,0,0,1,0
0,491,0,1,1,0,0,0,0,0,1,0,1,0,0,0,0,0,1,0,0
0,34,0,0,1,0,0,0,0,0,0,0,1,0,0,0,0,0,0,1,0
0,349,0,1,1,0,0,0,0,0,1,0,1,0,0,0,0,0,0,1,0
1,59,0,0,0,0,0,0,1,0,0,0,1,0,0,0,0,0,0,1,0
0,495,0,0,1,0,0,0,0,0,0,0,1,0,0,0,0,0,1,0,0
0,132,0,1,1,0,0,0,0,0,1,0,1,0,0,0,0,0,1,0,0
0,369,1,0,1,0,0,0,0,0,0,0,1,0,0,0,0,0,1,0,0
0,243,0,1,1,0,0,0,0,1,1,0,1,0,0,0,0,0,0,1,0
0,349,0,0,0,1,0,0,0,1,0,0,1,0,0,0,0,0,0,1,0
1,27,0,0,0,0,0,0,1,0,0,0,1,0,0,0,0,0,0,0,1
0,340,0,1,1,0,0,0,0,0,1,0,1,0,0,0,0,0,0,1,0
1,179,0,0,0,0,0,0,1,0,0,0,1,0,0,0,0,0,0,0,1
0,154,0,0,1,0,0,0,0,0,0,0,1,0,0,0,0,0,0,1,0
0,50,0,0,1,0,0,0,0,0,0,0,1,0,0,0,0,0,0,1,0
0,140,0,0,1,0,0,0,0,0,0,0,1,0,0,0,0,0,0,1,0
0,465,0,0,1,0,0,0,0,0,0,0,1,0,0,0,0,0,0,0,1
0,225,0,0,1,0,0,0,0,0,0,0,1,0,0,0,0,0,0,1,0
0,282,0,0,1,0,0,0,0,1,0,0,1,0,0,0,0,0,0,0,1
0,105,0,0,0,0,0,1,0,0,0,0,1,0,0,0,0,0,0,1,0
1,137,0,0,1,0,0,0,1,0,0,0,1,0,0,0,0,0,0,1,0
0,80,0,0,1,0,0,0,0,0,0,0,1,0,0,0,0,0,1,0,0
0,496,1,0,0,0,0,0,0,0,0,0,1,0,0,0,0,0,0,1,0
0,44,0,0,1,0,0,0,0,0,0,0,1,0,0,0,0,0,0,1,0
1,164,1,0,0,0,0,0,0,0,0,0,1,0,0,0,0,0,0,1,0
0,361,0,0,1,0,0,0,0,0,0,0,1,0,0,0,0,0,0,1,0
1,485,0,0,1,0,0,0,0,1,0,0,1,0,0,0,0,0,1,0,0
0,454,0,0,1,0,0,0,0,0,0,0,1,0,0,0,0,0,0,1,0
0,124,0,0,1,0,0,0,0,0,0,0,1,0,0,0,0,0,0,1,0
1,335,0,1,0,0,0,0,0,0,0,0,1,0,0,0,0,0,0,1,0
1,57,0,0,0,0,0,1,0,0,0,0,1,0,0,0,0,0,0,0,1
0,53,0,1,1,0,0,0,0,0,1,0,1,0,0,0,0,0,0,1,0
0,486,1,1,1,0,0,0,0,1,1,0,1,0,0,0,0,0,1,0,0
0,66,0,0,1,0,0,0,0,0,0,0,1,0,0,0,0,0,1,0,0
1,88,1,0,0,0,0,0,0,0,0,0,1,0,0,0,0,0,0,1,0
0,126,0,0,1,0,0,0,0,0,0,0,1,0,0,0,0,0,0,1,0
0,103,0,1,1,0,0,0,0,0,1,0,1,0,0,0,0,0,0,1,0
0,423,0,1,1,0,0,0,0,0,1,0,1,0,0,0,0,0,1,0,0
0,310,0,1,1,0,0,0,0,0,1,0,1,0,0,0,0,0,0,1,0
0,141,0,0,1,0,0,0,0,0,0,0,1,0,0,0,0,0,1,0,0
1,15,0,0,0,0,0,1,0,0,0,0,1,0,0,0,0,0,0,0,1
0,401,0,1,1,0,1,0,0,1,1,0,1,0,0,0,0,0,0,1,0
1,460,0,0,1,0,0,0,0,0,0,0,1,0,0,0,0,0,0,1,0
1,364,0,0,1,0,0,0,0,0,0,0,1,0,0,0,0,0,0,1,0
0,126,0,0,1,0,0,0,0,0,0,0,1,0,0,0,0,0,1,0,0
0,459,0,0,1,1,0,0,0,0,0,0,1,0,0,0,0,0,1,0,0
0,330,0,0,1,0,0,0,0,0,0,0,1,0,0,0,0,0,1,0,0
0,210,0,1,1,0,0,0,0,0,1,0,1,0,0,0,0,0,1,0,0
0,307,0,0,1,0,0,0,0,0,0,0,1,0,0,0,0,0,1,0,0
0,138,0,0,1,0,0,0,0,0,0,0,1,0,0,0,0,0,0,1,0
0,52,0,0,1,0,0,0,0,0,0,0,1,0,0,0,0,0,1,0,0
0,102,0,1,1,0,0,0,0,0,1,0,1,0,0,0,0,0,1,0,0
0,132,0,0,1,0,0,0,0,0,0,0,1,0,0,0,0,0,0,1,0
0,498,0,0,1,1,0,0,0,1,0,0,1,0,0,0,0,0,0,1,0
1,96,1,0,0,0,0,0,0,0,0,0,1,0,0,0,0,0,0,1,0
0,98,0,0,1,0,0,0,0,0,0,0,1,0,0,0,0,0,0,1,0
0,119,0,0,1,0,0,0,0,0,0,0,1,0,0,0,0,0,0,1,0
0,165,1,0,0,0,0,1,0,0,0,0,1,0,0,0,0,0,0,1,0
0,81,0,1,1,0,0,0,0,0,1,0,1,0,0,0,0,0,0,1,0
0,476,0,0,1,0,0,0,0,0,0,0,1,0,0,0,0,0,0,0,1
0,244,0,1,1,0,0,0,0,0,1,0,1,0,0,0,0,0,1,0,0
1,205,0,0,0,0,0,1,0,0,0,0,1,0,0,0,0,0,0,1,0
0,353,0,0,0,1,0,1,0,0,0,0,1,0,0,0,0,0,0,1,0
0,86,0,0,1,0,0,0,0,0,0,0,1,0,0,0,0,0,0,1,0
1,286,0,0,0,0,0,0,0,1,0,0,1,0,0,0,0,0,0,1,0
1,500,0,0,1,1,1,0,1,0,0,0,1,0,0,0,0,0,0,1,0
0,478,1,0,1,0,0,0,0,0,0,0,1,0,0,0,0,0,0,1,0
0,144,0,0,1,0,0,0,0,0,0,0,1,0,0,0,0,0,1,0,0
0,259,0,0,1,0,0,0,0,0,0,0,1,0,0,0,0,0,1,0,0
0,345,0,1,1,0,0,0,0,0,1,0,1,0,0,0,0,0,1,0,0
0,167,0,0,1,0,0,0,0,0,0,0,1,0,0,0,0,0,0,1,0
0,249,0,1,1,0,0,0,0,0,1,0,1,0,0,0,0,0,1,0,0
0,467,0,1,1,0,0,0,0,1,1,0,1,0,0,0,0,0,1,0,0
1,499,1,0,0,0,0,0,1,0,0,0,1,0,0,0,0,0,0,1,0
1,68,0,0,0,0,0,1,0,0,0,0,1,0,0,0,0,0,1,0,0
0,45,0,0,0,0,0,1,0,0,0,0,1,0,0,0,0,0,0,1,0
0,154,0,1,1,0,0,0,0,0,1,0,1,0,0,0,0,0,0,1,0
0,431,0,0,1,0,0,0,0,0,0,0,1,0,0,0,0,0,0,1,0
0,349,0,1,1,0,0,0,0,0,1,0,1,0,0,0,0,0,0,1,0
0,383,0,1,1,0,0,0,0,0,1,0,1,0,0,0,0,0,0,1,0
0,77,0,0,0,0,0,1,0,0,0,0,1,0,0,0,0,0,0,1,0
0,145,0,0,1,0,0,0,0,0,0,0,1,0,0,0,0,0,1,0,0
0,75,0,0,1,0,0,0,0,0,0,0,1,0,0,0,0,0,0,1,0
1,224,0,0,0,1,0,1,0,0,0,0,1,0,0,0,0,0,0,1,0
0,132,0,0,1,0,0,0,0,0,0,0,1,0,0,0,0,0,0,1,0
0,29,0,1,0,0,0,0,0,0,1,0,1,0,0,0,0,0,1,0,0
1,452,1,0,1,0,0,0,0,0,0,0,1,0,0,0,0,0,0,1,0
0,93,0,1,1,0,0,0,0,0,1,0,1,0,0,0,0,0,0,1,0
0,69,0,1,1,0,0,0,0,0,1,0,1,0,0,0,0,0,1,0,0
0,178,0,1,1,0,0,0,0,0,1,0,1,0,0,0,0,0,0,1,0
0,373,0,1,1,0,0,0,0,0,1,0,1,0,0,0,0,0,0,1,0
0,212,0,0,0,0,0,1,0,0,0,0,1,0,0,0,0,0,0,1,0
0,170,0,1,1,0,0,0,0,0,1,0,1,0,0,0,0,0,0,1,0
0,133,0,0,1,0,0,0,0,0,0,0,1,0,0,0,0,0,0,1,0
1,98,0,0,0,0,0,1,0,0,0,0,1,0,0,0,0,0,0,1,0
0,411,1,0,1,1,1,0,0,0,0,0,1,0,0,0,0,0,0,1,0
1,47,0,0,0,0,0,1,0,0,0,0,1,0,0,0,0,0,0,1,0
0,116,0,1,1,0,0,0,0,0,1,0,1,0,0,0,0,0,0,1,0
0,479,1,0,1,0,0,0,0,0,0,0,1,0,0,0,0,0,0,1,0
1,51,0,0,0,0,1,0,0,0,0,0,1,0,0,0,0,0,0,1,0
0,105,0,0,1,0,0,0,0,0,0,0,1,0,0,0,0,0,0,1,0
1,498,0,0,0,0,0,1,0,0,0,0,1,0,0,0,0,0,0,1,0
0,27,0,1,0,0,0,0,0,0,1,0,1,0,0,0,0,0,0,1,0
0,45,0,0,1,0,0,0,0,0,0,0,1,0,0,0,0,0,0,1,0
0,373,0,0,1,0,0,0,0,0,0,0,1,0,0,0,0,0,0,1,0
0,281,0,0,1,0,0,0,0,0,0,0,1,0,0,0,0,0,0,1,0
0,447,1,1,1,0,0,0,0,0,1,0,1,0,0,0,0,0,1,0,0
0,110,0,0,1,0,0,0,0,0,0,0,1,0,0,0,0,0,0,1,0
0,372,1,0,1,0,0,0,0,0,0,0,1,0,0,0,0,0,0,1,0
0,93,0,0,1,0,0,0,0,0,0,0,1,0,0,0,0,0,0,1,0
0,172,0,1,1,0,0,0,0,0,1,0,1,0,0,0,0,0,0,1,0
0,378,0,0,1,0,0,1,0,0,0,0,1,0,0,0,0,0,0,1,0
0,112,0,0,1,0,0,0,0,0,0,0,1,0,0,0,0,0,1,0,0
1,90,0,0,0,0,0,1,0,0,0,0,1,0,0,0,0,0,0,1,0
0,496,0,1,1,0,0,0,0,0,1,0,1,0,0,0,0,0,0,1,0
0,227,0,1,0,0,0,0,0,1,0,0,1,0,0,0,0,0,0,1,0
0,187,0,0,0,0,0,0,0,1,0,0,1,0,0,0,0,0,0,1,0
0,84,0,0,1,0,0,0,0,0,0,0,1,0,0,0,0,0,1,0,0
1,109,0,0,0,0,0,1,0,0,0,0,1,0,0,0,0,0,1,0,0
0,268,0,0,1,0,0,0,0,0,0,0,1,0,0,0,0,0,1,0,0
0,312,0,1,1,0,0,0,0,0,1,0,1,0,0,0,0,0,1,0,0
0,17,0,1,0,0,0,0,0,0,1,0,1,0,0,0,0,0,0,1,0
0,499,0,0,1,0,0,1,0,0,0,0,1,0,0,0,0,0,0,1,0
1,338,0,0,0,0,0,1,0,0,0,0,1,0,0,0,0,0,1,0,0
0,232,0,1,1,0,0,0,0,0,1,0,1,0,0,0,0,0,0,1,0
1,212,0,0,1,0,0,0,1,1,0,0,1,0,0,0,0,0,0,1,0
0,485,0,1,1,0,0,0,0,0,1,0,1,0,0,0,0,0,0,1,0
1,266,0,1,0,0,0,0,0,0,0,0,1,0,0,0,0,0,0,1,0
0,242,0,1,1,0,0,0,0,0,1,0,1,0,0,0,0,0,1,0,0
0,299,0,1,1,0,0,0,0,0,1,0,1,0,0,0,0,0,0,1,0
1,95,0,0,0,0,0,1,0,0,0,0,1,0,0,0,0,0,0,1,0
1,133,1,0,0,0,0,0,1,0,0,0,1,0,0,0,0,0,0,1,0
0,65,0,1,1,0,0,0,0,0,1,0,1,0,0,0,0,0,1,0,0
0,314,0,1,1,0,0,0,0,0,1,0,1,0,0,0,0,0,0,1,0
1,197,0,0,0,0,0,1,0,0,0,0,1,0,0,0,0,0,0,1,0
0,288,0,0,0,0,1,0,0,0,0,0,1,0,0,0,0,0,0,0,1
1,20,0,0,0,0,0,1,0,0,0,0,1,0,0,0,0,0,0,1,0
0,118,0,0,0,1,0,0,0,0,0,0,1,0,0,0,0,0,0,1,0
1,84,0,0,0,0,0,1,0,0,0,0,1,0,0,0,0,0,0,1,0
1,500,0,1,0,0,0,0,0,0,0,0,1,0,0,0,0,0,0,1,0
0,456,1,1,1,0,0,0,0,0,1,0,1,0,0,0,0,0,0,0,1
1,138,1,0,0,0,0,0,0,0,0,0,1,0,0,0,0,0,0,1,0
0,291,0,0,0,1,0,1,0,0,0,0,1,0,0,0,0,0,0,1,0
0,461,1,1,1,0,0,0,0,0,1,0,1,0,0,0,0,0,0,1,0
1,199,0,1,1,0,0,0,1,0,1,0,1,0,0,0,0,0,0,1,0
1,499,0,1,1,0,0,0,0,1,1,0,1,0,0,0,0,0,0,1,0
1,46,0,0,0,0,0,1,0,0,0,0,1,0,0,0,0,0,0,1,0
0,385,0,0,1,0,0,0,0,0,0,0,1,0,0,0,0,0,1,0,0
0,493,1,0,0,1,0,1,0,0,0,0,1,0,0,0,0,0,0,1,0
0,295,0,0,0,1,0,0,0,0,0,0,1,0,0,0,0,0,0,1,0
0,94,0,0,1,0,0,0,0,0,0,0,1,0,0,0,0,0,0,0,1
0,28,0,0,1,0,0,0,0,0,0,0,1,0,0,0,0,0,0,1,0
0,160,0,0,1,0,0,0,0,0,0,0,1,0,0,0,0,0,0,1,0
0,456,0,1,1,0,0,0,0,0,1,0,1,0,0,0,0,0,0,1,0
0,245,0,0,1,0,0,0,0,0,0,0,1,0,0,0,0,0,0,1,0
0,217,0,0,1,1,0,0,0,1,0,0,1,0,0,0,0,0,0,1,0
1,242,0,1,0,0,0,0,0,0,0,0,1,0,0,0,0,0,1,0,0
0,298,0,1,1,0,0,0,0,0,1,0,1,0,0,0,0,0,1,0,0
0,425,0,0,1,1,0,0,0,1,0,0,1,0,0,0,0,0,0,1,0
0,253,0,0,1,0,0,0,0,0,0,0,1,0,0,0,0,0,0,1,0
0,461,0,0,1,0,0,0,0,0,0,0,1,0,0,0,0,0,0,1,0
1,68,0,0,0,0,0,1,0,0,0,0,1,0,0,0,0,0,0,1,0
1,118,0,0,0,0,0,1,0,0,0,0,1,0,0,0,0,0,0,1,0
0,43,0,0,1,0,0,0,0,0,0,0,1,0,0,0,0,0,0,1,0
0,380,0,0,1,0,0,0,0,0,0,0,1,0,0,0,0,0,0,1,0
0,488,1,0,1,0,0,0,0,0,0,0,1,0,0,0,0,0,1,0,0
0,361,1,0,0,1,0,0,0,1,0,0,1,0,0,0,0,0,0,0,1
0,261,0,0,0,0,1,0,0,0,0,0,1,0,0,0,0,0,0,1,0
0,500,0,0,1,0,0,0,0,0,0,0,1,0,0,0,0,0,0,1,0
0,95,0,1,1,0,0,0,0,0,1,0,1,0,0,0,0,0,1,0,0
0,65,1,0,0,0,0,0,0,0,0,0,1,0,0,0,0,0,0,1,0
1,50,0,0,0,0,0,1,0,0,0,0,1,0,0,0,0,0,0,1,0
1,92,0,0,0,0,0,1,0,0,0,0,1,0,0,0,0,0,1,0,0
0,234,0,1,1,0,0,0,0,0,1,0,1,0,0,0,0,0,0,1,0
0,498,0,1,1,0,0,0,0,0,1,0,1,0,0,0,0,0,0,1,0
0,64,0,0,1,0,0,0,0,0,0,0,1,0,0,0,0,0,0,1,0
0,141,0,0,1,0,0,0,0,0,0,0,1,0,0,0,0,0,0,1,0
1,147,0,0,0,0,0,1,0,0,0,0,1,0,0,0,0,0,0,0,1
1,328,0,1,1,0,0,0,0,0,1,0,1,0,0,0,0,0,1,0,0
0,74,0,0,1,0,0,0,0,0,0,0,1,0,0,0,0,0,0,1,0
1,440,0,0,1,0,0,0,0,0,0,0,1,0,0,0,0,0,0,1,0
1,223,1,0,0,0,0,0,0,0,0,0,1,0,0,0,0,0,0,1,0
0,195,0,0,1,0,0,0,0,0,0,0,1,0,0,0,0,0,0,1,0
0,480,0,0,1,0,0,0,0,0,0,0,1,0,0,0,0,0,0,1,0
0,451,0,1,1,0,0,0,0,1,1,0,1,0,0,0,0,0,0,1,0
1,270,0,0,1,0,0,0,0,0,0,0,1,0,0,0,0,0,1,0,0
0,78,0,0,1,0,0,0,0,0,0,0,1,0,0,0,0,0,1,0,0
0,94,0,1,1,0,0,0,0,0,1,0,1,0,0,0,0,0,1,0,0
0,476,0,0,1,0,0,0,0,0,0,0,1,0,0,0,0,0,0,1,0
0,35,0,0,1,0,0,0,0,0,0,0,1,0,0,0,0,0,1,0,0
0,124,0,0,0,0,1,0,0,0,0,0,1,0,0,0,0,0,0,1,0
1,498,0,0,0,0,1,1,1,0,0,0,1,0,0,0,0,0,0,1,0
1,26,0,0,0,0,0,1,0,0,0,0,1,0,0,0,0,0,0,1,0
0,466,0,0,1,0,0,0,0,0,0,0,1,0,0,0,0,0,0,1,0
1,375,0,0,0,1,1,0,1,0,0,0,1,0,0,0,0,0,1,0,0
1,138,0,0,0,0,0,1,0,0,0,0,1,0,0,0,0,0,0,1,0
0,498,0,1,1,0,0,0,0,0,1,0,1,0,0,0,0,0,0,1,0
1,384,0,0,1,0,0,0,0,0,0,0,1,0,0,0,0,0,0,1,0
0,123,0,1,1,0,0,0,0,0,1,0,1,0,0,0,0,0,0,1,0
0,500,1,0,1,0,0,0,0,0,0,0,1,0,0,0,0,0,1,0,0
0,427,0,0,1,0,0,0,0,1,0,0,1,0,0,0,0,0,0,1,0
1,40,0,0,0,0,0,1,0,0,0,0,1,0,0,0,0,0,0,1,0
0,163,0,0,1,0,0,0,0,0,0,0,1,0,0,0,0,0,1,0,0
0,38,0,0,1,0,0,0,0,0,0,0,1,0,0,0,0,0,1,0,0
0,105,0,0,1,0,0,0,0,0,0,0,1,0,0,0,0,0,0,1,0
0,106,0,0,1,0,0,0,0,0,0,0,1,0,0,0,0,0,0,1,0
0,500,0,1,1,0,0,0,0,0,1,0,1,0,0,0,0,0,0,1,0
0,200,0,0,1,0,0,0,0,0,0,0,1,0,0,0,0,0,0,1,0
1,115,0,0,0,0,0,1,0,0,0,0,1,0,0,0,0,0,0,1,0
0,280,0,1,1,0,0,0,0,1,1,0,1,0,0,0,0,0,0,1,0
1,57,0,0,0,0,0,1,0,0,0,0,1,0,0,0,0,0,0,1,0
1,500,0,0,0,1,0,0,0,1,0,0,1,0,0,0,0,0,0,1,0
1,260,0,0,0,0,0,1,0,0,0,0,1,0,0,0,0,0,0,1,0
0,28,0,0,1,0,0,0,0,0,0,0,1,0,0,0,0,0,0,1,0
0,118,0,0,1,0,0,0,0,0,0,0,1,0,0,0,0,0,1,0,0
0,493,0,0,1,0,0,0,0,0,0,0,1,0,0,0,0,0,0,1,0
1,488,0,0,0,1,0,1,0,0,0,0,1,0,0,0,0,0,1,0,0
0,248,1,0,1,0,0,0,0,0,0,0,1,0,0,0,0,0,0,1,0
0,30,0,0,1,0,0,0,0,0,0,0,1,0,0,0,0,0,0,1,0
0,99,0,1,1,0,0,0,0,0,1,0,1,0,0,0,0,0,1,0,0
1,24,0,0,0,0,0,1,0,0,0,0,1,0,0,0,0,0,0,0,1
0,118,0,1,1,0,0,0,0,0,1,0,1,0,0,0,0,0,1,0,0
0,82,0,0,1,0,0,0,0,0,0,0,1,0,0,0,0,0,0,1,0
0,133,0,1,0,0,0,0,0,0,1,0,1,0,0,0,0,0,1,0,0
0,310,0,1,1,0,0,0,0,0,1,0,1,0,0,0,0,0,0,1,0
0,451,0,0,0,1,0,0,0,0,0,0,1,0,0,0,0,0,1,0,0
0,54,0,1,1,0,0,0,0,0,1,0,1,0,0,0,0,0,1,0,0
0,333,0,1,1,1,0,0,0,0,1,0,1,0,0,0,0,0,0,1,0
0,34,0,0,1,0,0,0,0,0,0,0,1,0,0,0,0,0,0,1,0
0,177,0,1,0,0,0,0,0,0,1,0,1,0,0,0,0,0,0,1,0
1,88,1,0,0,0,0,0,0,0,0,0,1,0,0,0,0,0,0,1,0
0,64,1,0,0,0,0,1,0,0,0,0,1,0,0,0,0,0,0,1,0
0,459,0,1,1,0,0,0,0,0,1,0,1,0,0,0,0,0,0,1,0
0,18,0,0,1,0,0,0,0,0,0,0,1,0,0,0,0,0,0,1,0
0,108,0,1,1,0,0,0,0,0,1,0,1,0,0,0,0,0,0,1,0
1,63,0,0,0,0,0,1,0,0,0,0,1,0,0,0,0,0,0,0,1
1,152,1,0,0,0,0,0,0,0,0,0,1,0,0,0,0,0,0,0,1
0,498,0,1,1,0,0,0,0,0,1,0,1,0,0,0,0,0,1,0,0
0,498,0,0,1,0,0,0,0,0,0,0,1,0,0,0,0,0,0,1,0
0,122,0,1,1,0,0,0,0,0,1,0,1,0,0,0,0,0,0,1,0
0,87,0,0,1,0,0,0,0,0,0,0,1,0,0,0,0,0,1,0,0
0,445,0,1,1,0,0,0,0,0,1,0,1,0,0,0,0,0,0,1,0
0,189,1,1,1,0,0,0,0,0,1,0,1,0,0,0,0,0,0,1,0
0,186,0,0,0,0,0,1,0,0,0,0,1,0,0,0,0,0,0,1,0
1,198,0,0,1,0,0,0,0,0,0,0,1,0,0,0,0,0,1,0,0
1,74,0,0,0,0,0,1,0,0,0,0,1,0,0,0,0,0,0,0,1
0,303,0,1,1,0,0,0,0,0,1,0,1,0,0,0,0,0,0,0,1
0,498,0,1,1,0,0,0,0,0,1,0,1,0,0,0,0,0,0,1,0
1,53,0,0,0,0,0,1,0,0,0,0,1,0,0,0,0,0,0,1,0
0,273,0,0,1,0,0,0,0,0,0,0,1,0,0,0,0,0,0,1,0
0,494,0,1,1,0,0,0,0,0,1,0,1,0,0,0,0,0,0,1,0
0,291,0,0,0,0,0,0,0,1,0,0,1,0,0,0,0,0,0,1,0
0,170,0,1,1,0,0,0,0,1,1,0,1,0,0,0,0,0,1,0,0
0,196,0,0,1,0,0,0,0,0,0,0,1,0,0,0,0,0,0,1,0
0,98,0,1,1,0,0,0,0,0,1,0,1,0,0,0,0,0,0,1,0
0,444,1,0,1,0,0,0,0,0,0,0,1,0,0,0,0,0,1,0,0
1,80,0,0,0,0,0,0,1,0,0,0,1,0,0,0,0,0,0,0,1
0,49,0,1,1,0,0,0,0,0,1,0,1,0,0,0,0,0,0,1,0
0,245,0,1,1,0,0,0,0,0,1,0,1,0,0,0,0,0,1,0,0
0,492,0,0,1,1,0,0,0,1,0,0,1,0,0,0,0,0,0,1,0
1,59,0,0,0,0,0,0,1,0,0,0,1,0,0,0,0,0,0,1,0
0,37,0,0,1,0,0,0,0,0,0,0,1,0,0,0,0,0,1,0,0
0,425,0,1,1,0,0,0,0,0,1,0,1,0,0,0,0,0,0,1,0
0,281,0,1,1,0,0,0,0,0,1,0,1,0,0,0,0,0,1,0,0
0,103,0,0,1,0,0,0,0,1,0,0,1,0,0,0,0,0,0,1,0
0,70,0,0,1,0,0,0,0,0,0,0,1,0,0,0,0,0,0,1,0
0,98,0,1,1,0,0,0,0,0,1,0,1,0,0,0,0,0,1,0,0
0,36,0,0,1,0,0,0,0,0,0,0,1,0,0,0,0,0,1,0,0
0,118,0,1,1,0,0,0,0,0,1,0,1,0,0,0,0,0,0,1,0
0,196,0,1,1,0,0,0,0,0,1,0,1,0,0,0,0,0,0,1,0
0,298,0,0,0,1,0,1,0,0,0,0,1,0,0,0,0,0,0,1,0
0,215,0,0,1,0,0,0,0,0,0,0,1,0,0,0,0,0,0,1,0
0,284,0,1,1,0,0,0,0,0,1,0,1,0,0,0,0,0,0,1,0
0,158,0,0,1,0,0,0,0,0,0,0,1,0,0,0,0,0,1,0,0
0,486,0,0,1,0,0,0,0,0,0,0,1,0,0,0,0,0,0,1,0
0,127,0,1,1,0,0,0,0,0,1,0,1,0,0,0,0,0,0,1,0
0,48,0,0,1,0,0,0,0,0,0,0,1,0,0,0,0,0,1,0,0
0,90,0,0,1,0,0,0,0,0,0,0,1,0,0,0,0,0,0,1,0
1,210,1,0,0,0,0,0,0,0,0,0,1,0,0,0,0,0,1,0,0
0,234,0,1,1,0,0,0,0,0,1,0,1,0,0,0,0,0,1,0,0
1,99,0,0,0,0,0,1,0,0,0,0,1,0,0,0,0,0,1,0,0
0,200,0,0,1,0,0,0,0,0,0,0,1,0,0,0,0,0,0,1,0
0,492,0,1,1,0,0,0,0,0,1,0,1,0,0,0,0,0,0,1,0
0,259,0,1,1,0,0,0,0,0,1,0,1,0,0,0,0,0,1,0,0
0,490,1,0,0,0,0,1,0,0,0,0,1,0,0,0,0,0,0,1,0
0,482,0,1,1,1,0,0,0,1,1,0,1,0,0,0,0,0,0,1,0
0,62,0,1,0,0,0,0,0,0,1,0,1,0,0,0,0,0,0,1,0
0,494,1,0,0,1,0,0,1,1,0,0,1,0,0,0,0,0,0,1,0
0,200,0,1,1,0,0,0,0,0,1,0,1,0,0,0,0,0,1,0,0
0,38,0,1,0,0,0,0,0,0,1,0,1,0,0,0,0,0,1,0,0
0,406,0,0,0,0,0,1,0,0,0,0,1,0,0,0,0,0,0,1,0
0,488,0,1,1,0,0,0,0,0,1,0,1,0,0,0,0,0,0,1,0
1,134,0,0,0,0,0,1,0,0,0,0,1,0,0,0,0,0,0,0,1
0,426,0,1,1,0,0,0,1,0,1,0,1,0,0,0,0,0,0,1,0
0,275,0,1,1,0,1,0,0,0,1,0,1,0,0,0,0,0,0,1,0
1,63,0,0,0,0,0,1,0,0,0,0,1,0,0,0,0,0,0,1,0
0,410,0,1,1,0,0,0,0,0,1,0,1,0,0,0,0,0,1,0,0
1,70,0,0,0,0,0,1,0,0,0,0,1,0,0,0,0,0,1,0,0
0,137,0,0,1,0,0,0,0,0,0,0,1,0,0,0,0,0,1,0,0
0,163,0,1,1,0,0,0,0,0,1,0,1,0,0,0,0,0,0,1,0
0,487,0,1,1,0,0,0,0,0,1,0,1,0,0,0,0,0,0,1,0
0,108,0,0,1,0,0,0,0,0,0,0,1,0,0,0,0,0,0,1,0
0,74,1,0,1,0,0,0,0,0,0,0,1,0,0,0,0,0,1,0,0
0,41,0,0,1,0,0,0,0,0,0,0,1,0,0,0,0,0,0,1,0
0,282,0,1,1,0,0,0,0,0,1,0,1,0,0,0,0,0,0,1,0
1,253,1,0,0,0,0,0,0,0,0,0,1,0,0,0,0,0,0,1,0
0,301,0,0,1,0,1,0,0,1,0,0,1,0,0,0,0,0,0,1,0
1,222,0,0,1,0,0,0,0,0,0,0,1,0,0,0,0,0,0,1,0
0,158,0,1,1,0,0,0,0,0,1,0,1,0,0,0,0,0,1,0,0
0,316,0,1,1,0,0,0,0,0,1,0,1,0,0,0,0,0,1,0,0
0,331,0,0,1,0,0,0,0,0,0,0,1,0,0,0,0,0,0,1,0
0,157,0,0,1,0,0,0,0,0,0,0,1,0,0,0,0,0,0,1,0
0,72,0,1,1,0,0,0,0,0,1,0,1,0,0,0,0,0,0,1,0
0,63,0,0,1,0,0,0,0,0,0,0,1,0,0,0,0,0,1,0,0
0,109,0,0,1,0,0,0,0,0,0,0,1,0,0,0,0,0,1,0,0
0,231,0,1,1,0,0,0,0,0,1,0,1,0,0,0,0,0,0,1,0
0,138,1,0,0,0,0,0,0,0,0,0,1,0,0,0,0,0,0,1,0
1,351,1,0,0,0,0,0,0,1,0,0,1,0,0,0,0,0,0,1,0
0,90,0,0,1,0,0,0,0,0,0,0,1,0,0,0,0,0,0,1,0
0,219,1,0,1,0,0,0,0,0,0,0,1,0,0,0,0,0,0,1,0
0,215,0,1,1,0,0,0,0,0,1,0,1,0,0,0,0,0,1,0,0
0,130,0,1,1,0,0,0,0,0,1,0,1,0,0,0,0,0,1,0,0
0,58,0,1,1,0,0,0,0,0,1,0,1,0,0,0,0,0,0,1,0
0,288,0,1,1,0,0,0,0,0,1,0,1,0,0,0,0,0,0,1,0
0,82,0,1,1,0,0,0,0,0,1,0,1,0,0,0,0,0,1,0,0
1,112,1,0,0,0,0,0,0,0,0,0,1,0,0,0,0,0,0,1,0
0,85,1,0,0,0,0,1,0,0,0,0,1,0,0,0,0,0,0,1,0
0,53,0,0,1,0,0,0,0,0,0,0,1,0,0,0,0,0,0,1,0
0,467,0,0,0,0,0,1,0,0,0,0,1,0,0,0,0,0,0,1,0
1,96,0,0,0,0,1,0,0,0,0,0,1,0,0,0,0,0,0,1,0
0,496,1,1,1,0,0,0,0,0,1,0,1,0,0,0,0,0,0,1,0
0,111,0,0,1,0,0,0,0,0,0,0,1,0,0,0,0,0,1,0,0
0,88,0,0,1,0,0,0,0,0,0,0,1,0,0,0,0,0,0,1,0
0,488,0,1,1,0,0,0,0,0,1,0,1,0,0,0,0,0,0,1,0
0,221,0,1,1,0,0,0,0,0,1,0,1,0,0,0,0,0,0,1,0
0,145,0,1,1,0,0,0,0,0,1,0,1,0,0,0,0,0,0,1,0
0,49,0,0,1,0,0,0,0,0,0,0,1,0,0,0,0,0,1,0,0
1,77,0,0,0,0,0,1,0,0,0,0,1,0,0,0,0,0,0,1,0
0,497,0,1,1,0,0,0,0,0,1,0,1,0,0,0,0,0,0,1,0
0,322,0,0,1,0,0,0,1,0,0,0,1,0,0,0,0,0,1,0,0
0,69,0,0,1,0,0,0,0,0,0,0,1,0,0,0,0,0,1,0,0
0,230,1,0,0,0,0,0,1,0,0,0,1,0,0,0,0,0,0,1,0
0,45,0,1,1,0,0,0,0,0,1,0,1,0,0,0,0,0,1,0,0
1,269,0,0,0,0,0,0,1,0,0,0,1,0,0,0,0,0,0,1,0
0,233,1,0,0,0,0,0,0,0,0,0,1,0,0,0,0,0,0,1,0
0,264,0,0,0,1,0,0,0,1,0,0,1,0,0,0,0,0,0,1,0
0,500,1,1,1,0,1,1,0,0,1,0,1,0,0,0,0,0,1,0,0
0,428,1,0,0,0,0,0,0,0,0,0,1,0,0,0,0,0,1,0,0
1,19,0,0,0,0,0,1,0,0,0,0,1,0,0,0,0,0,1,0,0
1,196,0,0,1,0,0,0,0,0,0,0,1,0,0,0,0,0,0,1,0
1,57,0,0,0,0,0,1,0,0,0,0,1,0,0,0,0,0,1,0,0
0,102,0,0,1,0,0,0,0,0,0,0,1,0,0,0,0,0,0,0,1
0,132,1,0,1,0,0,1,0,0,0,0,1,0,0,0,0,0,0,1,0
0,102,0,1,1,0,0,0,0,0,1,0,1,0,0,0,0,0,0,1,0
1,299,1,0,0,0,0,0,0,0,0,0,1,0,0,0,0,0,0,1,0
0,466,0,1,1,0,1,0,0,0,1,0,1,0,0,0,0,0,0,1,0
0,360,0,1,1,0,0,0,0,0,1,0,1,0,0,0,0,0,0,1,0
0,234,1,0,0,0,0,0,0,0,0,0,1,0,0,0,0,0,0,1,0
1,174,1,0,0,0,0,0,0,0,0,0,1,0,0,0,0,0,0,1,0
0,498,0,1,1,0,0,0,0,0,1,0,1,0,0,0,0,0,0,1,0
0,250,0,1,1,0,0,0,0,1,1,0,1,0,0,0,0,0,0,0,1
1,68,0,0,0,0,0,1,0,0,0,0,1,0,0,0,0,0,0,1,0
0,163,0,0,1,0,0,0,0,0,0,0,1,0,0,0,0,0,1,0,0
0,455,0,1,1,0,0,0,0,0,1,0,1,0,0,0,0,0,1,0,0
0,347,0,1,1,0,0,0,0,0,1,0,1,0,0,0,0,0,0,1,0
0,87,0,0,1,0,0,0,0,0,0,0,1,0,0,0,0,0,0,1,0
0,36,0,1,0,0,0,0,0,0,1,0,1,0,0,0,0,0,0,1,0
1,33,0,0,0,0,0,1,0,0,0,0,1,0,0,0,0,0,0,1,0
0,101,0,1,1,0,0,0,0,0,1,0,1,0,0,0,0,0,1,0,0
0,28,0,0,1,0,0,0,0,0,0,0,1,0,0,0,0,0,0,1,0
0,327,0,1,1,0,0,0,0,0,1,0,1,0,0,0,0,0,0,1,0
0,494,0,1,0,0,0,0,0,0,1,0,1,0,0,0,0,0,0,1,0
0,26,0,0,1,0,0,0,0,0,0,0,1,0,0,0,0,0,1,0,0
0,129,0,0,1,0,0,0,0,0,0,0,1,0,0,0,0,0,1,0,0
0,413,0,0,1,0,0,0,0,0,0,0,1,0,0,0,0,0,0,1,0
1,76,0,0,0,0,0,1,0,0,0,0,1,0,0,0,0,0,0,1,0
1,52,0,0,0,0,0,1,0,0,0,0,1,0,0,0,0,0,1,0,0
0,88,0,0,0,1,0,0,0,1,0,0,1,0,0,0,0,0,1,0,0
1,110,0,0,0,0,0,1,0,0,0,0,1,0,0,0,0,0,0,1,0
1,17,0,0,0,0,0,1,0,0,0,0,1,0,0,0,0,0,0,1,0
0,310,0,1,1,1,0,0,0,0,1,0,1,0,0,0,0,0,0,0,1
0,252,0,1,1,0,0,0,0,0,1,0,1,0,0,0,0,0,1,0,0
0,31,0,0,1,0,0,0,0,0,0,0,1,0,0,0,0,0,1,0,0
0,266,0,1,1,0,0,0,0,0,1,0,1,0,0,0,0,0,1,0,0
0,162,0,0,1,0,0,0,0,0,0,0,1,0,0,0,0,0,0,1,0
0,167,0,0,1,0,0,0,0,0,0,0,1,0,0,0,0,0,0,1,0
0,304,0,1,1,0,0,0,0,1,1,0,1,0,0,0,0,0,1,0,0
0,352,0,0,1,1,0,0,0,0,0,0,1,0,0,0,0,0,0,1,0
0,257,0,0,1,1,0,0,0,0,0,0,1,0,0,0,0,0,0,1,0
0,40,0,1,1,0,0,0,0,0,1,0,1,0,0,0,0,0,0,1,0
0,497,0,1,1,0,0,0,0,0,1,0,1,0,0,0,0,0,0,1,0
0,81,0,0,0,0,0,1,0,0,0,0,1,0,0,0,0,0,0,1,0
0,160,0,1,1,0,0,0,0,1,1,0,1,0,0,0,0,0,0,1,0
1,38,0,0,0,0,0,1,0,0,0,0,1,0,0,0,0,0,0,1,0
0,161,0,0,1,0,0,0,0,0,0,0,1,0,0,0,0,0,1,0,0
0,184,1,1,0,0,0,0,0,0,0,0,1,0,0,0,0,0,0,1,0
0,55,0,0,0,1,0,0,0,0,0,0,1,0,0,0,0,0,0,1,0
0,498,1,1,1,0,0,0,0,0,1,0,1,0,0,0,0,0,0,1,0
0,357,0,1,1,0,0,0,0,1,1,0,1,0,0,0,0,0,1,0,0
0,58,0,0,1,0,0,0,0,0,0,0,1,0,0,0,0,0,0,0,1
0,124,0,0,1,0,0,0,0,0,0,0,1,0,0,0,0,0,0,1,0
0,189,0,0,1,0,0,0,0,0,0,0,1,0,0,0,0,0,0,1,0
0,499,1,1,1,1,0,0,0,1,1,0,1,0,0,0,0,0,1,0,0
0,493,1,0,0,0,0,0,0,0,0,0,1,0,0,0,0,0,0,1,0
1,415,0,0,0,0,0,1,0,0,0,0,1,0,0,0,0,0,0,0,1
0,505,0,0,1,0,0,0,0,0,0,0,1,0,0,0,0,0,0,1,0
0,263,1,0,0,0,0,0,0,0,0,0,1,0,0,0,0,0,0,1,0
0,35,0,0,1,0,0,0,0,0,0,0,1,0,0,0,0,0,1,0,0
0,335,0,0,0,0,1,0,0,0,0,0,1,0,0,0,0,0,0,1,0
0,131,0,0,1,0,0,0,0,0,0,0,1,0,0,0,0,0,0,1,0
0,114,1,0,0,0,0,0,0,0,0,0,1,0,0,0,0,0,0,1,0
0,495,0,1,1,0,0,0,0,0,1,0,1,0,0,0,0,0,0,1,0
0,477,0,0,1,0,0,0,0,1,0,0,1,0,0,0,0,0,0,1,0
1,41,0,0,0,0,0,1,0,0,0,0,1,0,0,0,0,0,0,1,0
0,197,0,0,1,0,0,0,0,0,0,0,1,0,0,0,0,0,0,1,0
0,493,0,0,1,0,0,0,0,0,0,0,1,0,0,0,0,0,1,0,0
0,103,0,0,1,0,0,0,0,0,0,0,1,0,0,0,0,0,0,1,0
0,204,0,1,1,0,0,0,0,0,1,0,1,0,0,0,0,0,1,0,0
0,138,0,1,1,0,0,0,0,0,1,0,1,0,0,0,0,0,0,1,0
0,166,0,0,1,0,0,0,0,0,0,0,1,0,0,0,0,0,1,0,0
0,400,0,1,1,0,0,0,0,0,1,0,1,0,0,0,0,0,1,0,0
1,117,0,0,0,0,0,1,0,0,0,0,1,0,0,0,0,0,0,1,0
0,485,1,0,1,0,0,0,0,0,0,0,1,0,0,0,0,0,1,0,0
1,43,0,0,0,0,0,1,0,0,0,0,1,0,0,0,0,0,0,1,0
0,168,0,1,1,0,0,0,0,0,1,0,1,0,0,0,0,0,0,1,0
0,496,0,1,1,1,0,0,0,1,1,0,1,0,0,0,0,0,0,1,0
0,332,0,1,1,0,0,0,0,0,1,0,1,0,0,0,0,0,0,1,0
0,301,0,0,1,0,0,0,0,0,0,0,1,0,0,0,0,0,0,1,0
0,499,1,0,1,0,0,0,0,0,0,0,1,0,0,0,0,0,0,1,0
0,34,0,0,1,0,0,0,0,0,0,0,1,0,0,0,0,0,0,1,0
0,111,0,0,1,0,0,0,0,0,0,0,1,0,0,0,0,0,0,1,0
0,18,0,0,1,0,0,0,0,0,0,0,1,0,0,0,0,0,1,0,0
0,466,0,0,1,0,0,0,0,0,0,0,1,0,0,0,0,0,0,1,0
0,454,0,0,1,0,0,0,0,0,0,0,1,0,0,0,0,0,1,0,0
0,484,0,0,1,0,0,0,0,0,0,0,1,0,0,0,0,0,1,0,0
1,149,0,0,0,0,0,1,0,0,0,0,1,0,0,0,0,0,0,1,0
0,445,0,1,1,1,0,0,0,0,1,0,1,0,0,0,0,0,0,0,1
0,496,1,1,1,1,0,0,0,0,1,0,1,0,0,0,0,0,1,0,0
1,97,0,0,0,0,1,0,0,0,0,0,1,0,0,0,0,0,0,0,1
0,492,0,0,1,0,0,0,0,0,0,0,1,0,0,0,0,0,1,0,0
1,135,1,0,0,0,0,0,0,0,0,0,1,0,0,0,0,0,0,1,0
0,290,0,1,1,0,0,0,0,0,1,0,1,0,0,0,0,0,0,1,0
0,488,0,1,1,0,0,0,0,0,1,0,1,0,0,0,0,0,0,0,1
0,43,0,1,1,0,0,0,0,0,1,0,1,0,0,0,0,0,0,1,0
0,105,0,1,1,0,0,0,0,0,1,0,1,0,0,0,0,0,0,1,0
0,379,0,1,1,0,0,0,0,0,1,0,1,0,0,0,0,0,1,0,0
0,448,0,1,0,0,0,0,1,0,1,0,1,0,0,0,0,0,0,1,0
0,71,0,1,1,0,0,0,0,0,1,0,1,0,0,0,0,0,0,1,0
0,493,0,1,1,0,0,0,0,0,1,0,1,0,0,0,0,0,0,1,0
0,206,0,0,1,0,0,0,0,1,0,0,1,0,0,0,0,0,0,1,0
0,110,0,1,0,0,0,0,0,0,1,0,1,0,0,0,0,0,0,1,0
0,489,0,1,1,1,0,0,0,0,1,0,1,0,0,0,0,0,0,1,0
0,243,0,0,1,0,0,0,0,0,0,0,1,0,0,0,0,0,0,1,0
1,100,0,0,1,0,0,1,0,0,0,0,1,0,0,0,0,0,0,1,0
0,89,0,0,0,0,0,1,0,0,0,0,1,0,0,0,0,0,0,1,0
0,244,0,1,1,0,0,0,0,0,1,0,1,0,0,0,0,0,1,0,0
0,387,0,1,1,0,0,0,1,0,1,0,1,0,0,0,0,0,0,1,0
1,34,0,0,0,0,0,1,0,0,0,0,1,0,0,0,0,0,0,1,0
0,53,0,0,1,0,0,0,0,0,0,0,1,0,0,0,0,0,0,1,0
1,68,0,0,0,0,0,1,0,0,0,0,1,0,0,0,0,0,0,1,0
0,107,0,0,1,0,0,0,0,0,0,0,1,0,0,0,0,0,0,1,0
0,482,0,0,1,0,0,0,0,0,0,0,1,0,0,0,0,0,0,1,0
0,143,0,0,1,0,0,0,0,0,0,0,1,0,0,0,0,0,0,1,0
1,123,0,0,0,1,0,0,1,0,0,0,1,0,0,0,0,0,0,1,0
1,275,0,0,0,0,0,1,0,0,0,0,1,0,0,0,0,0,0,1,0
0,57,0,0,1,0,0,0,0,0,0,0,1,0,0,0,0,0,0,1,0
0,397,0,1,1,0,0,0,0,0,1,0,1,0,0,0,0,0,0,0,1
0,480,1,0,0,0,0,0,0,0,0,0,1,0,0,0,0,0,1,0,0
0,83,0,0,0,0,0,0,0,1,0,0,1,0,0,0,0,0,0,1,0
1,32,0,0,0,0,1,0,0,0,0,0,1,0,0,0,0,0,0,1,0
0,29,0,0,1,0,0,0,0,0,0,0,1,0,0,0,0,0,0,1,0
0,136,0,0,0,0,0,1,0,0,0,0,1,0,0,0,0,0,0,1,0
0,172,0,1,1,1,0,0,0,0,1,0,1,0,0,0,0,0,1,0,0
0,309,0,1,1,0,0,0,0,0,1,0,1,0,0,0,0,0,1,0,0
1,98,0,0,0,0,0,1,0,0,0,0,1,0,0,0,0,0,0,1,0
0,31,0,0,1,0,0,0,0,0,0,0,1,0,0,0,0,0,1,0,0
1,26,0,0,0,0,0,1,0,0,0,0,1,0,0,0,0,0,0,1,0
0,498,1,0,0,0,1,0,0,0,0,0,1,0,0,0,0,0,0,1,0
1,113,0,0,0,0,0,1,0,0,0,0,1,0,0,0,0,0,0,1,0
0,450,0,1,1,1,0,0,0,1,1,0,1,0,0,0,0,0,0,1,0
1,56,1,0,0,0,0,0,0,0,0,0,1,0,0,0,0,0,0,1,0
0,191,0,0,1,0,0,0,0,0,0,0,1,0,0,0,0,0,0,1,0
0,250,0,1,1,0,0,0,0,0,1,0,1,0,0,0,0,0,1,0,0
0,78,0,1,1,0,0,0,0,0,1,0,1,0,0,0,0,0,1,0,0
0,250,1,0,1,0,0,0,0,0,0,0,1,0,0,0,0,0,1,0,0
0,159,0,1,1,0,0,0,0,0,1,0,1,0,0,0,0,0,1,0,0
0,297,0,0,1,0,0,1,0,0,0,0,1,0,0,0,0,0,1,0,0
0,391,0,1,1,0,0,0,0,0,1,0,1,0,0,0,0,0,0,1,0
0,403,0,1,1,0,1,0,0,0,1,0,1,0,0,0,0,0,1,0,0
0,336,0,1,1,0,0,0,0,0,1,0,1,0,0,0,0,0,0,1,0
0,91,0,0,1,0,0,0,0,0,0,0,1,0,0,0,0,0,1,0,0
1,119,0,0,0,0,0,1,0,0,0,0,1,0,0,0,0,0,0,1,0
0,240,0,0,1,0,1,0,0,0,0,0,1,0,0,0,0,0,0,1,0
0,187,0,1,1,0,0,0,0,0,1,0,1,0,0,0,0,0,0,1,0
0,111,0,0,1,0,0,0,0,1,0,0,1,0,0,0,0,0,0,1,0
0,390,0,0,1,0,0,0,0,0,0,0,1,0,0,0,0,0,0,1,0
0,170,0,0,1,0,0,0,0,0,0,0,1,0,0,0,0,0,0,1,0
0,236,0,1,1,0,0,0,0,0,1,0,1,0,0,0,0,0,0,1,0
1,80,0,0,0,0,0,0,0,1,0,0,1,0,0,0,0,0,0,1,0
0,164,0,0,1,1,0,0,1,0,0,0,1,0,0,0,0,0,1,0,0
1,14,0,0,0,0,0,1,0,0,0,0,1,0,0,0,0,0,1,0,0
0,106,0,1,1,0,0,0,0,0,1,0,1,0,0,0,0,0,0,1,0
0,29,0,0,1,0,0,0,0,0,0,0,1,0,0,0,0,0,1,0,0
0,251,0,1,1,0,0,0,0,0,1,0,1,0,0,0,0,0,0,1,0
0,307,0,1,1,0,0,0,0,1,1,0,1,0,0,0,0,0,0,1,0
0,389,1,1,1,0,0,0,0,0,1,0,1,0,0,0,0,0,1,0,0
0,25,0,0,1,0,0,0,0,0,0,0,1,0,0,0,0,0,0,1,0
1,241,0,0,0,0,0,1,0,0,0,0,1,0,0,0,0,0,0,1,0
1,100,1,0,0,1,0,0,0,1,0,0,1,0,0,0,0,0,0,1,0
1,47,0,0,0,0,0,1,0,0,0,0,1,0,0,0,0,0,0,1,0
0,500,0,1,0,0,0,0,0,1,0,0,1,0,0,0,0,0,0,1,0
0,99,0,1,1,0,0,0,0,0,1,0,1,0,0,0,0,0,0,1,0
0,323,0,1,1,0,0,0,0,0,1,0,1,0,0,0,0,0,1,0,0
0,72,0,0,1,0,0,0,0,0,0,0,1,0,0,0,0,0,0,1,0
0,212,0,1,0,0,0,0,0,0,1,0,1,0,0,0,0,0,0,1,0
0,394,0,1,1,0,0,0,0,0,1,0,1,0,0,0,0,0,0,1,0
1,30,0,0,0,0,0,1,0,0,0,0,1,0,0,0,0,0,1,0,0
0,61,0,1,1,0,0,0,0,0,1,0,1,0,0,0,0,0,0,1,0
0,284,0,0,1,0,0,0,0,0,0,0,1,0,0,0,0,0,1,0,0
1,285,0,0,1,0,0,0,0,0,0,0,1,0,0,0,0,0,0,1,0
0,25,0,0,1,0,0,0,0,0,0,0,1,0,0,0,0,0,0,0,1
1,143,0,0,0,0,0,0,1,0,0,0,1,0,0,0,0,0,0,0,1
0,336,0,0,1,0,0,0,0,0,0,0,1,0,0,0,0,0,0,1,0
0,424,0,1,1,0,0,0,0,0,1,0,1,0,0,0,0,0,1,0,0
0,57,0,0,1,0,0,0,0,0,0,0,1,0,0,0,0,0,1,0,0
0,57,0,1,1,0,0,0,0,0,1,0,1,0,0,0,0,0,0,1,0
0,489,0,1,1,0,1,0,0,0,1,0,1,0,0,0,0,0,0,1,0
0,497,1,0,1,1,0,0,1,0,0,0,1,0,0,0,0,0,0,1,0
0,493,1,1,1,0,0,1,0,0,1,0,1,0,0,0,0,0,1,0,0
0,497,0,0,0,0,0,1,0,0,0,0,1,0,0,0,0,0,0,1,0
0,497,0,1,1,0,0,0,0,0,1,0,1,0,0,0,0,0,0,1,0
1,82,0,0,0,0,0,1,0,0,0,0,1,0,0,0,0,0,0,1,0
0,44,0,0,1,0,0,0,0,0,0,0,1,0,0,0,0,0,0,1,0
1,29,0,0,0,0,0,1,0,0,0,0,1,0,0,0,0,0,0,1,0
0,250,0,1,1,0,0,0,0,0,1,0,1,0,0,0,0,0,0,1,0
0,311,0,1,1,0,0,0,0,0,1,0,1,0,0,0,0,0,0,0,1
0,150,0,1,1,0,0,0,0,0,1,0,1,0,0,0,0,0,0,1,0
0,90,0,0,1,0,0,0,0,0,0,0,1,0,0,0,0,0,0,1,0
1,115,0,0,0,0,0,1,0,0,0,0,1,0,0,0,0,0,0,1,0
0,30,0,1,0,0,0,0,0,0,1,0,1,0,0,0,0,0,1,0,0
0,36,0,0,1,0,0,0,0,0,0,0,1,0,0,0,0,0,1,0,0
0,223,0,0,1,0,0,0,0,0,0,0,1,0,0,0,0,0,0,1,0
1,104,0,0,0,0,0,1,0,0,0,0,1,0,0,0,0,0,0,0,1
0,169,0,0,1,0,0,0,0,0,0,0,1,0,0,0,0,0,1,0,0
0,116,0,0,1,0,0,0,0,0,0,1,0,0,0,0,0,0,0,1,0
1,366,0,0,0,0,0,1,0,0,0,1,0,0,0,0,0,0,0,0,1
0,212,0,1,1,0,0,0,0,0,1,1,0,0,0,0,0,0,0,0,1
1,98,0,0,0,0,1,0,0,0,0,1,0,0,0,0,0,0,0,0,1
0,73,0,0,1,0,1,0,0,0,0,1,0,0,0,0,0,0,0,0,1
1,202,0,0,0,0,0,0,0,1,0,1,0,0,0,0,0,0,0,0,1
1,111,1,0,0,0,0,1,0,0,0,1,0,0,0,0,0,0,0,0,1
0,319,0,0,1,0,0,0,0,0,0,1,0,0,0,0,0,0,0,0,1
1,55,0,0,0,0,0,1,0,0,0,1,0,0,0,0,0,0,0,0,1
0,343,0,0,1,0,0,0,0,0,0,1,0,0,0,0,0,0,0,0,1
1,199,0,0,0,1,0,1,0,0,0,1,0,0,0,0,0,0,0,1,0
0,439,0,1,1,1,0,0,0,0,1,1,0,0,0,0,0,0,0,1,0
0,1115,1,0,0,0,0,0,0,0,0,1,0,0,0,0,0,0,0,0,1
1,176,1,0,0,0,0,0,0,0,0,1,0,0,0,0,0,0,0,0,1
0,902,1,0,1,0,0,0,0,1,0,1,0,0,0,0,0,0,0,0,1
0,616,0,1,1,0,0,0,0,0,1,1,0,0,0,0,0,0,0,0,1
0,237,0,0,1,0,0,0,0,0,0,1,0,0,0,0,0,0,0,0,1
0,52,0,0,1,0,0,0,0,0,0,1,0,0,0,0,0,0,0,0,1
0,312,0,0,1,0,0,0,0,0,0,1,0,0,0,0,0,0,0,0,1
0,217,0,0,1,0,0,0,0,1,0,1,0,0,0,0,0,0,0,0,1
1,693,1,0,0,0,0,1,0,0,0,1,0,0,0,0,0,0,0,0,1
0,337,0,0,1,0,0,0,0,0,0,1,0,0,0,0,0,0,0,0,1
1,427,0,0,0,0,0,1,0,0,0,1,0,0,0,0,0,0,0,0,1
1,128,0,0,0,0,0,1,0,0,0,1,0,0,0,0,0,0,0,0,1
0,88,0,1,1,0,0,0,0,0,1,1,0,0,0,0,0,0,0,0,1
0,319,1,0,0,0,0,0,0,1,0,1,0,0,0,0,0,0,0,0,1
0,762,1,0,1,0,0,0,0,0,0,1,0,0,0,0,0,0,0,0,1
1,123,1,0,0,0,0,0,0,0,0,1,0,0,0,0,0,0,0,0,1
0,294,0,0,0,1,0,0,0,0,0,1,0,0,0,0,0,0,0,0,1
0,253,0,0,1,0,0,0,0,0,0,1,0,0,0,0,0,0,0,0,1
1,286,0,0,1,0,0,0,0,0,0,1,0,0,0,0,0,0,0,0,1
1,331,0,0,0,0,0,1,0,0,0,1,0,0,0,0,0,0,0,0,1
0,468,0,1,1,0,0,0,0,0,1,1,0,0,0,0,0,0,0,0,1
1,432,1,0,0,1,0,1,0,0,0,1,0,0,0,0,0,0,0,0,1
1,245,1,0,0,0,0,0,0,0,0,1,0,0,0,0,0,0,0,0,1
1,86,0,0,0,0,0,1,0,0,0,1,0,0,0,0,0,0,0,0,1
1,413,0,0,0,0,0,1,0,0,0,1,0,0,0,0,0,0,0,0,1
1,55,0,0,0,0,0,1,0,0,0,1,0,0,0,0,0,0,0,0,1
1,154,0,0,0,0,0,1,0,0,0,1,0,0,0,0,0,0,0,0,1
1,215,0,0,0,0,0,1,0,0,0,1,0,0,0,0,0,0,0,1,0
1,242,0,0,0,0,0,0,0,1,0,1,0,0,0,0,0,0,0,0,1
1,282,0,0,0,0,0,0,1,0,0,1,0,0,0,0,0,0,0,0,1
0,123,0,0,1,0,0,0,0,0,0,1,0,0,0,0,0,0,0,0,1
1,242,0,0,0,0,0,0,0,1,0,1,0,0,0,0,0,0,0,0,1
1,274,0,1,0,0,0,0,0,0,0,1,0,0,0,0,0,0,0,0,1
0,603,0,0,1,0,0,0,0,0,0,1,0,0,0,0,0,0,0,0,1
0,228,0,1,1,0,0,0,0,0,1,1,0,0,0,0,0,0,0,0,1
0,615,1,0,0,0,0,0,0,0,0,1,0,0,0,0,0,0,0,0,1
0,299,0,0,1,0,0,0,0,0,0,1,0,0,0,0,0,0,0,0,1
0,118,0,1,1,0,0,0,0,0,1,1,0,0,0,0,0,0,0,0,1
1,902,0,0,0,0,0,1,0,0,0,1,0,0,0,0,0,0,0,0,1
1,179,0,0,0,0,0,0,0,1,0,1,0,0,0,0,0,0,0,0,1
0,145,0,0,1,0,0,0,0,0,0,1,0,0,0,0,0,0,0,1,0
1,275,0,0,0,0,1,0,0,0,0,1,0,0,0,0,0,0,0,0,1
0,163,0,0,0,0,1,0,0,1,0,1,0,0,0,0,0,0,0,0,1
1,105,0,0,0,0,0,1,0,0,0,1,0,0,0,0,0,0,0,0,1
0,229,1,0,0,0,0,0,0,0,0,1,0,0,0,0,0,0,0,0,1
0,811,0,1,1,1,0,0,0,1,1,1,0,0,0,0,0,0,0,1,0
1,91,0,0,0,0,0,1,0,0,0,1,0,0,0,0,0,0,0,0,1
0,596,1,0,1,0,0,0,0,1,0,1,0,0,0,0,0,0,0,0,1
1,27,0,0,0,0,0,1,0,0,0,1,0,0,0,0,0,0,0,0,1
1,75,0,0,0,0,0,1,0,0,0,1,0,0,0,0,0,0,0,0,1
1,119,1,0,0,0,0,0,0,0,0,1,0,0,0,0,0,0,0,0,1
1,377,0,0,0,0,0,1,0,0,0,1,0,0,0,0,0,0,0,0,1
0,258,0,1,1,0,0,0,0,0,1,1,0,0,0,0,0,0,0,1,0
1,220,0,0,0,0,0,1,0,0,0,1,0,0,0,0,0,0,0,0,1
0,310,0,0,1,0,0,0,0,0,0,1,0,0,0,0,0,0,0,0,1
1,142,0,0,0,0,0,1,0,0,0,1,0,0,0,0,0,0,0,1,0
0,217,0,1,1,0,0,0,0,0,1,1,0,0,0,0,0,0,0,0,1
0,143,0,0,1,0,0,0,0,0,0,1,0,0,0,0,0,0,0,0,1
0,179,0,0,1,0,0,0,0,1,0,1,0,0,0,0,0,0,0,1,0
1,374,0,0,0,0,0,0,0,1,0,1,0,0,0,0,0,0,0,0,1
1,114,0,0,0,0,0,1,0,0,0,1,0,0,0,0,0,0,0,0,1
1,270,0,1,1,0,0,0,0,0,1,1,0,0,0,0,0,0,0,0,1
0,182,0,0,0,0,1,0,0,0,0,1,0,0,0,0,0,0,0,0,1
1,282,0,0,0,0,0,0,1,0,0,1,0,0,0,0,0,0,0,0,1
0,43,0,1,1,0,0,0,0,0,1,1,0,0,0,0,0,0,0,1,0
1,332,0,0,0,0,0,1,0,0,0,1,0,0,0,0,0,0,0,0,1
0,1115,1,0,0,0,0,0,0,0,0,1,0,0,0,0,0,0,0,0,1
1,248,0,0,0,0,0,1,0,0,0,1,0,0,0,0,0,0,0,1,0
0,535,0,1,1,0,0,0,0,0,1,1,0,0,0,0,0,0,0,0,1
0,692,1,0,0,0,0,0,0,1,0,1,0,0,0,0,0,0,0,0,1
0,38,0,1,0,0,0,0,0,0,1,0,0,1,0,0,0,0,1,0,0
0,2102,1,0,0,0,0,0,0,0,0,0,0,1,0,0,0,0,0,1,0
0,124,0,0,0,0,0,1,0,0,0,0,0,1,0,0,0,0,0,0,1
0,90,0,0,1,0,0,0,0,0,0,0,0,1,0,0,0,1,0,0,0
1,49,1,0,0,0,0,0,0,0,0,0,0,1,0,0,0,0,0,1,0
1,138,1,0,0,0,0,0,0,0,0,0,0,1,0,0,0,0,0,1,0
0,177,0,0,0,1,0,0,0,0,0,0,0,1,0,0,0,0,0,0,1
0,721,0,0,0,1,0,0,0,0,0,0,0,1,0,0,0,0,0,0,1
0,167,1,0,0,0,0,0,0,0,0,0,0,1,0,0,0,0,0,0,1
0,87,0,1,0,0,0,0,0,0,1,0,0,1,0,1,0,0,0,0,0
0,44,0,0,0,0,0,0,0,1,0,0,0,1,0,1,0,0,0,0,0
0,28,0,0,1,0,0,0,0,0,0,0,0,1,0,1,0,0,0,0,0
0,73,0,0,0,1,0,0,0,0,0,0,0,1,0,0,0,0,0,0,1
1,43,0,0,0,1,0,0,0,0,0,0,0,1,0,0,0,0,0,0,1
1,171,0,0,0,0,0,1,0,0,0,0,0,1,0,0,0,0,0,0,1
1,16,0,0,0,0,1,0,0,0,0,0,0,1,0,0,0,0,0,0,1
0,51,0,1,1,0,0,0,0,0,1,0,0,1,0,0,0,0,0,1,0
0,49,0,1,0,0,0,0,0,0,1,0,0,1,0,0,0,0,0,1,0
0,74,0,0,1,0,0,0,0,0,0,0,0,1,0,0,0,0,0,0,1
0,254,0,0,0,1,0,0,0,0,0,0,0,1,0,0,0,0,0,0,1
0,94,0,1,1,0,0,0,0,0,1,0,0,1,0,0,1,0,0,0,0
1,126,1,0,0,0,0,0,0,0,0,0,0,1,0,0,1,0,0,0,0
0,803,1,0,0,0,0,0,0,0,0,0,0,1,0,0,0,0,0,0,1
1,209,1,0,0,0,0,0,0,0,0,0,0,1,0,0,0,0,0,0,1
0,373,0,0,0,0,0,0,1,1,0,0,0,1,0,0,0,0,0,0,1
1,149,1,0,0,0,0,0,0,0,0,0,0,1,0,0,0,0,0,1,0
1,1061,0,0,0,0,1,0,0,0,0,0,0,1,0,0,0,0,0,0,1
1,241,0,0,0,0,0,0,1,0,0,0,0,1,0,0,0,0,0,0,1
0,93,0,0,0,0,1,0,0,0,0,0,0,1,0,0,0,0,0,0,1
0,150,0,0,0,0,0,0,0,1,0,0,0,1,0,0,0,0,0,0,1
0,180,0,0,0,1,0,0,0,0,0,0,0,1,0,0,0,0,0,0,1
1,355,0,0,0,1,0,0,1,0,0,0,0,1,0,0,0,0,0,0,1
0,379,0,1,0,0,0,0,0,0,0,0,0,1,0,0,0,0,0,0,1
1,394,0,0,0,1,0,0,0,1,0,0,0,1,0,0,0,0,0,0,1
1,28,0,0,0,1,0,0,0,0,0,0,0,1,0,0,0,0,0,0,1
0,299,0,0,0,0,0,0,0,1,0,0,0,1,0,0,0,0,0,0,1
0,144,0,0,0,0,0,1,0,0,0,0,0,1,0,0,0,0,0,0,1
0,226,0,0,0,1,1,0,0,0,0,0,0,1,0,0,0,0,0,0,1
1,65,0,0,0,0,0,0,0,1,0,0,0,1,0,0,0,0,0,0,1
1,278,1,1,0,0,0,0,0,0,0,0,0,1,0,0,0,0,0,1,0
0,74,0,0,0,0,0,0,1,0,0,0,0,1,0,0,0,0,0,0,1
0,180,1,0,0,0,0,0,0,0,0,0,0,1,0,0,0,0,0,1,0
0,53,0,0,0,0,1,0,0,0,0,0,0,1,0,0,0,0,0,1,0
1,594,1,0,0,0,0,0,1,0,0,0,0,1,0,0,0,0,0,0,1
0,167,1,0,0,0,0,0,0,0,0,0,0,1,0,0,0,0,0,0,1
1,292,1,0,0,0,0,0,0,0,0,0,0,1,0,0,0,0,0,0,1
1,117,1,0,0,0,0,0,0,0,0,0,0,1,0,0,0,0,0,0,1
0,192,0,0,0,0,0,0,1,0,0,0,0,1,0,0,0,0,0,0,1
1,115,0,0,0,0,0,1,0,0,0,0,0,1,0,0,0,0,0,0,1
0,162,0,0,0,1,0,0,1,1,0,0,0,1,0,0,0,0,0,0,1
0,394,0,0,0,1,0,0,1,1,0,0,0,1,0,0,0,0,0,0,1
1,63,1,0,0,0,0,0,0,0,0,0,0,1,0,0,0,0,0,1,0
0,277,1,0,0,0,1,0,0,0,0,0,0,1,0,0,0,0,0,0,1
1,542,0,0,1,0,1,0,0,0,0,0,0,1,0,0,0,0,0,1,0
0,310,0,0,1,0,1,0,0,0,0,0,0,1,0,0,0,0,0,0,1
0,436,0,0,1,0,0,0,0,0,0,0,0,1,0,0,0,0,1,0,0
0,197,0,0,0,1,0,0,0,0,0,0,0,1,0,0,0,0,0,0,1
0,215,1,0,0,0,0,0,0,0,0,0,0,1,0,0,1,0,0,0,0
0,37,0,0,1,0,0,0,0,0,0,0,0,1,0,0,0,0,0,0,1
0,233,0,1,1,0,0,0,0,0,1,0,0,1,0,0,0,0,0,0,1
1,223,1,0,0,0,0,0,0,0,0,0,0,1,0,0,0,0,0,0,1
1,825,1,0,0,0,0,0,0,0,0,0,0,1,0,0,0,0,0,0,1
0,70,0,0,0,0,0,0,0,1,0,0,0,1,0,0,1,0,0,0,0
0,127,0,0,1,0,0,0,0,1,0,0,0,1,0,0,0,0,0,1,0
0,334,1,0,0,0,0,0,0,0,0,0,0,1,0,0,0,0,0,0,1
0,95,0,1,1,0,0,0,0,0,1,0,0,1,0,0,0,0,1,0,0
1,527,0,0,0,1,1,0,0,0,0,0,0,1,0,0,0,0,0,0,1
0,197,0,0,1,0,0,0,0,0,0,0,0,1,0,0,0,0,1,0,0
0,128,1,0,0,0,0,0,0,0,0,0,0,1,0,0,0,0,0,0,1
0,210,1,0,0,1,0,1,0,0,0,0,0,1,0,0,0,0,0,0,1
1,173,1,0,0,0,0,0,0,0,0,0,0,1,0,0,0,0,0,1,0
0,147,0,0,0,0,0,1,0,0,0,0,0,1,0,0,0,0,0,0,1
1,641,1,0,0,0,0,0,0,0,0,0,0,1,0,0,0,0,0,0,1
1,710,0,0,0,0,0,0,0,1,0,0,0,1,0,0,0,0,0,0,1
1,469,1,0,0,0,0,0,0,0,0,0,0,1,0,0,0,0,0,0,1
1,27,0,0,0,0,0,1,0,0,0,0,0,1,0,0,0,0,0,1,0
1,943,1,0,0,0,0,0,0,0,0,0,0,1,0,0,0,0,0,1,0
0,85,1,0,0,0,0,0,0,0,0,0,0,1,0,0,0,0,0,0,1
0,128,0,0,1,0,0,0,0,0,0,0,0,1,0,0,0,0,0,1,0
1,242,1,0,0,0,0,0,0,0,0,0,0,1,0,0,0,0,1,0,0
0,444,1,0,0,0,0,0,0,1,0,0,0,1,0,0,0,0,0,1,0
0,1412,0,0,0,1,1,0,1,0,0,0,0,1,0,0,0,0,0,0,1
0,92,1,0,0,0,0,0,0,0,0,0,0,1,0,0,0,0,0,0,1
1,46,0,0,0,0,1,0,0,0,0,0,0,1,0,0,0,0,0,1,0
1,40,0,1,0,0,0,0,0,0,0,0,0,1,0,0,0,0,1,0,0
0,506,1,0,0,1,1,0,1,1,0,0,0,1,0,0,0,0,0,0,1
1,488,1,0,0,0,0,0,0,0,0,0,0,1,0,0,0,0,0,0,1
1,320,0,1,1,0,0,0,0,0,1,0,0,1,0,0,0,0,0,1,0
1,42,0,1,0,0,0,0,0,0,1,0,0,1,0,0,0,0,0,0,1
1,153,0,0,0,0,1,0,0,0,0,0,0,1,0,0,0,0,0,0,1
0,191,0,1,0,0,0,0,0,0,1,0,0,1,0,0,0,0,1,0,0
0,60,1,0,0,0,0,0,0,0,0,0,0,1,0,0,0,0,0,1,0
0,96,0,0,0,0,0,0,1,0,0,0,0,1,0,0,0,0,0,1,0
1,504,0,0,0,0,0,0,0,1,0,0,0,1,0,0,0,0,0,0,1
1,164,0,0,0,0,1,0,0,0,0,0,0,1,0,0,0,0,0,1,0
1,463,0,0,0,1,0,0,1,0,0,0,0,1,0,0,0,0,0,0,1
0,304,0,0,0,0,0,0,0,1,0,0,0,1,0,0,0,0,0,0,1
0,540,0,0,0,1,0,0,0,1,0,0,0,1,0,0,0,0,0,0,1
1,283,1,0,0,0,0,0,1,0,0,0,0,1,0,0,0,0,0,0,1
0,432,0,1,1,0,0,0,0,0,1,0,0,1,0,0,0,0,1,0,0
1,202,0,0,1,0,0,0,0,0,0,0,0,1,0,0,0,0,0,1,0
1,42,0,0,0,1,0,0,0,0,0,0,0,1,0,0,0,0,0,0,1
1,230,0,0,0,1,0,0,1,0,0,0,0,1,0,0,0,0,0,0,1
0,149,1,0,0,0,0,0,0,0,0,0,0,1,0,0,0,0,0,1,0
0,115,1,0,0,0,0,0,0,0,0,0,0,1,0,0,1,0,0,0,0
0,161,1,0,0,0,0,0,0,0,0,0,0,1,0,0,0,0,0,0,1
0,174,0,0,1,0,0,0,0,0,0,0,0,1,0,0,0,0,0,0,1
1,610,0,0,0,0,1,0,0,0,0,0,0,1,0,0,0,0,0,0,1
1,288,0,0,0,0,0,0,1,0,0,0,0,1,0,0,0,0,0,1,0
0,572,1,1,1,0,0,0,0,0,1,0,0,1,0,0,0,0,0,0,1
0,54,0,0,1,0,0,0,0,0,0,0,0,1,0,0,0,0,0,0,1
0,229,0,0,0,1,1,0,0,0,0,0,0,1,0,0,0,0,0,0,1
1,248,0,0,0,1,1,0,0,0,0,0,0,1,0,0,0,0,0,0,1
1,303,0,0,0,1,0,0,0,0,0,0,0,1,0,0,0,0,0,0,1
0,162,0,0,0,0,0,1,0,0,0,0,0,1,0,0,0,0,0,1,0
1,169,0,0,0,0,0,0,0,1,0,0,0,1,0,0,0,0,0,1,0
1,104,1,0,0,0,0,0,0,0,0,0,0,1,0,0,0,0,0,0,1
1,295,0,0,0,0,1,0,0,0,0,0,0,1,0,0,0,0,0,0,1
0,112,0,0,0,1,0,0,0,0,0,0,0,1,0,0,0,0,0,0,1
1,158,0,0,0,1,1,0,0,0,0,0,0,1,0,0,0,0,0,0,1
1,736,1,0,0,0,0,0,0,0,0,0,0,1,0,0,0,0,0,0,1
0,75,1,0,0,0,0,0,0,0,0,0,0,1,0,0,0,0,0,1,0
1,432,0,0,0,1,1,1,1,0,0,0,0,1,0,0,0,0,0,0,1
0,653,0,0,1,0,0,0,0,0,0,0,0,1,0,0,0,0,0,1,0
1,190,0,0,0,1,0,0,0,0,0,0,0,1,0,0,0,0,0,0,1
0,79,0,0,0,1,0,0,0,0,0,0,0,1,0,0,0,0,0,0,1
1,82,0,0,0,0,0,0,1,0,0,0,0,1,0,0,0,0,0,0,1
1,57,1,0,0,0,0,0,0,0,0,0,0,1,0,0,0,0,0,1,0
0,240,1,0,0,0,0,0,0,0,0,0,0,1,0,0,1,0,0,0,0
0,168,1,0,0,0,0,0,0,0,0,0,0,1,0,0,0,0,0,0,1
0,416,1,0,0,0,1,0,0,0,0,0,0,1,0,0,0,0,0,1,0
1,64,1,0,0,0,0,0,0,0,0,0,0,1,0,0,0,0,1,0,0
0,90,0,0,0,1,0,0,0,0,0,0,0,1,0,0,0,0,0,0,1
0,98,0,1,0,0,0,0,0,0,0,0,0,1,0,0,0,0,0,0,1
1,124,1,0,0,0,0,0,0,0,0,0,0,1,0,0,0,1,0,0,0
0,532,0,0,1,0,0,0,0,0,0,0,0,1,0,0,0,0,0,0,1
0,119,0,1,0,0,0,0,0,0,0,0,0,1,0,0,0,0,0,1,0
0,214,0,0,0,0,1,0,0,0,0,0,0,1,0,0,0,0,0,0,1
0,246,0,0,0,1,0,0,0,0,0,0,0,1,0,0,0,0,0,0,1
1,2203,0,0,1,0,0,1,0,0,0,0,0,1,0,0,0,0,0,1,0
1,196,0,0,0,0,0,0,0,1,0,0,0,1,0,0,0,0,0,1,0
1,402,0,0,0,0,1,0,0,0,0,0,0,1,0,0,0,0,0,1,0
0,617,0,0,1,1,0,0,1,1,0,0,0,1,0,0,0,0,0,0,1
0,201,0,0,1,0,0,0,0,0,0,0,0,1,0,0,0,0,0,0,1
0,201,0,0,0,1,0,0,1,0,0,0,0,1,0,0,0,0,0,0,1
1,870,0,0,1,0,1,0,0,1,0,0,0,1,0,0,0,0,0,0,1
0,134,0,0,0,1,1,0,0,0,0,0,0,1,0,0,0,0,0,0,1
0,159,1,0,0,0,0,0,0,0,0,0,0,1,0,0,0,0,0,1,0
0,1193,0,0,0,1,1,0,1,1,0,0,0,1,0,0,0,0,0,0,1
0,32,1,0,0,0,0,0,0,0,0,0,0,1,0,0,1,0,0,0,0
0,56,1,0,0,0,0,0,0,0,0,0,0,1,0,0,0,0,0,1,0
1,261,0,0,0,1,0,0,0,0,0,0,0,1,0,0,0,0,0,0,1
0,47,0,0,0,0,1,0,0,0,0,0,0,1,0,0,0,0,0,0,1
1,334,1,0,0,0,0,0,0,0,0,0,0,1,0,0,0,0,0,0,1
0,146,0,0,1,0,0,0,0,0,0,0,0,1,0,1,0,0,0,0,0
0,90,0,0,0,0,1,0,0,0,0,0,0,1,0,0,0,0,0,0,1
0,205,0,0,0,0,0,1,0,0,0,0,0,1,0,0,0,0,0,0,1
1,244,0,0,1,0,0,1,0,0,0,0,0,1,0,0,0,0,0,1,0
0,90,1,0,0,0,0,0,0,0,0,0,0,1,0,1,0,0,0,0,0
1,80,1,0,0,0,0,0,0,0,0,0,0,1,0,0,0,0,0,0,1
0,140,0,0,0,1,0,0,1,0,0,0,0,1,0,0,0,0,0,0,1
1,163,0,0,0,0,0,1,0,0,0,0,0,1,0,0,0,0,0,1,0
0,55,0,0,0,0,0,1,0,0,0,0,0,1,0,0,0,0,0,1,0
0,434,0,0,0,0,0,0,1,0,0,0,0,1,0,0,0,0,0,0,1
1,159,1,0,0,0,0,0,0,0,0,0,0,1,0,0,0,0,1,0,0
0,426,0,0,0,0,0,0,1,0,0,0,0,1,0,0,0,0,0,0,1
1,19,1,0,0,0,0,0,0,0,0,0,0,1,0,0,0,0,0,0,1
0,163,0,0,0,0,0,0,0,1,0,0,0,1,0,0,0,0,0,1,0
0,301,0,0,0,1,0,0,0,1,0,0,0,1,0,0,0,0,0,0,1
1,33,0,0,0,0,1,0,0,0,0,0,0,1,0,0,1,0,0,0,0
1,82,0,0,0,0,0,0,1,0,0,0,0,1,0,0,0,0,0,0,1
0,359,0,0,0,1,0,0,0,0,0,0,0,1,0,0,0,0,0,0,1
0,87,0,0,1,0,0,0,0,0,0,0,0,1,0,0,0,0,0,1,0
0,77,1,0,0,0,0,0,0,0,0,0,0,1,0,0,0,0,1,0,0
0,39,0,0,0,0,0,1,0,0,0,0,0,1,0,0,0,0,0,1,0
0,264,0,0,0,0,1,0,0,0,0,0,0,1,0,0,0,0,0,0,1
0,203,0,0,0,1,0,0,0,1,0,0,0,1,0,0,0,0,0,0,1
1,23,1,0,0,0,0,0,0,0,0,0,0,1,0,0,0,0,1,0,0
1,198,1,0,0,0,0,0,0,0,0,0,0,1,0,0,0,0,0,0,1
0,177,1,0,0,0,0,0,0,0,0,0,0,0,1,0,0,0,0,0,1
0,233,1,0,0,0,0,0,0,0,0,0,0,0,1,0,0,0,0,0,1
0,272,0,1,1,0,0,0,0,0,1,0,0,0,1,0,0,0,1,0,0
1,240,1,0,0,0,1,0,0,1,0,0,0,0,1,0,0,0,0,1,0
0,118,1,0,0,0,0,0,0,0,0,0,0,0,1,0,0,0,0,1,0
0,180,0,0,0,1,0,0,0,0,0,0,0,0,1,0,0,0,1,0,0
1,169,1,0,0,0,0,0,0,0,0,0,0,0,1,0,0,0,0,1,0
1,77,1,0,0,0,0,0,0,0,0,0,0,0,1,0,0,0,0,1,0
1,111,0,0,0,1,0,0,0,0,0,0,0,0,1,0,0,1,0,0,0
0,104,0,0,0,1,0,0,0,0,0,0,0,0,1,0,0,1,0,0,0
0,402,1,0,0,1,0,0,0,0,0,0,0,0,1,0,0,0,0,1,0
0,303,0,0,0,1,1,0,1,0,0,0,0,0,1,0,0,1,0,0,0
0,259,1,0,0,0,0,0,0,0,0,0,0,0,1,0,0,0,0,1,0
0,233,1,0,0,0,0,0,0,0,0,0,0,0,1,0,0,0,0,0,1
0,155,0,0,0,0,1,0,0,0,0,0,0,0,1,0,0,1,0,0,0
0,42,1,0,0,0,0,0,0,0,0,0,0,0,1,0,0,0,0,1,0
0,264,1,0,0,0,0,0,0,0,0,0,0,0,1,0,0,0,0,0,1
0,141,0,0,0,1,0,0,0,1,0,0,0,0,1,0,0,0,1,0,0
0,188,0,0,0,1,0,0,1,1,0,0,0,0,1,0,0,0,1,0,0
1,308,1,0,0,0,0,0,0,1,0,0,0,0,1,0,0,0,0,0,1
0,29,1,0,0,0,0,0,0,0,0,0,0,0,1,0,0,0,0,1,0
1,383,1,0,0,0,0,0,1,1,0,0,0,0,1,0,0,0,0,0,1
0,217,1,0,0,0,0,0,0,0,0,0,0,0,1,0,0,0,0,1,0
0,249,0,0,0,0,1,0,0,0,0,0,0,0,1,0,0,0,0,0,1
0,145,1,0,0,0,0,0,0,0,0,0,0,0,1,0,0,0,0,1,0
0,92,1,0,0,0,0,0,0,0,0,0,0,0,1,0,0,0,0,1,0
0,101,1,0,0,0,0,0,0,0,0,0,0,0,1,0,0,0,0,0,1
0,277,0,0,0,0,1,0,0,0,0,0,0,0,1,0,0,1,0,0,0
0,96,0,1,1,0,0,0,0,0,1,0,0,0,1,0,0,0,0,1,0
0,142,1,0,0,0,0,0,0,0,0,0,0,0,1,0,0,0,0,0,1
0,226,1,0,0,0,0,0,0,0,0,0,0,0,1,0,0,0,0,0,1
0,68,1,0,0,0,0,0,0,0,0,0,0,0,1,0,0,0,0,1,0
1,77,1,0,0,0,0,0,0,0,0,0,0,0,1,0,0,0,0,1,0
0,123,1,0,0,0,0,0,0,1,0,0,0,0,1,0,0,0,0,0,1
0,154,0,0,0,0,1,0,0,0,0,0,0,0,1,0,0,0,1,0,0
0,146,1,0,0,0,0,0,0,0,0,0,0,0,1,0,0,0,0,1,0
1,154,1,0,0,0,0,0,0,0,0,0,0,0,1,0,0,0,0,0,1
0,146,0,0,0,0,0,1,0,0,0,0,0,0,1,0,0,0,0,0,1
1,253,0,0,0,1,0,0,0,0,0,0,0,0,1,0,0,0,1,0,0
0,265,1,0,0,0,0,0,1,0,0,0,0,0,1,0,0,0,0,1,0
0,167,1,0,0,0,0,0,0,0,0,0,0,0,1,0,0,0,0,0,1
1,220,0,0,0,1,0,0,0,0,0,0,0,0,1,0,0,0,0,1,0
1,105,0,0,0,1,0,0,0,0,0,0,0,0,1,0,0,0,0,0,1
1,106,0,0,0,1,0,0,0,0,0,0,0,0,1,0,0,0,0,1,0
1,391,1,0,0,0,0,0,0,0,0,0,0,0,1,0,0,0,0,0,1
0,144,0,0,1,1,0,0,0,0,0,0,0,0,1,0,0,1,0,0,0
0,66,0,0,0,1,0,0,0,1,0,0,0,0,1,0,0,0,0,1,0
1,110,1,0,0,0,0,0,0,0,0,0,0,0,1,0,0,0,0,1,0
1,153,0,0,0,0,1,1,0,0,0,0,0,0,1,0,0,0,1,0,0
0,59,1,0,0,0,0,0,0,0,0,0,0,0,1,0,0,0,0,1,0
1,80,1,0,0,0,0,0,0,0,0,0,0,0,1,0,0,0,0,1,0
1,286,1,0,0,0,0,0,0,0,0,0,0,0,1,0,0,0,0,1,0
0,134,0,0,0,1,0,0,0,0,0,0,0,0,1,0,0,1,0,0,0
0,169,1,0,0,0,0,0,0,0,0,0,0,0,1,0,0,0,0,1,0
1,219,0,0,0,0,1,0,0,0,0,0,0,0,1,0,0,0,1,0,0
0,100,0,0,0,1,1,0,0,0,0,0,0,0,1,0,0,1,0,0,0
0,72,1,0,0,0,0,0,0,0,0,0,0,0,1,0,0,0,0,0,1
0,93,0,1,1,0,0,0,0,0,1,0,0,0,1,0,0,0,0,1,0
0,146,1,0,0,0,0,0,0,0,0,0,0,0,1,0,0,0,0,0,1
0,215,1,0,0,0,0,0,0,0,0,0,0,0,1,0,0,0,0,0,1
0,286,1,0,0,0,0,0,0,0,0,0,0,0,1,0,0,0,0,1,0
1,45,1,0,0,0,0,0,0,0,0,0,0,0,1,0,0,0,0,0,1
0,212,1,0,0,0,0,0,0,0,0,0,0,0,1,0,0,0,0,1,0
0,81,1,0,0,0,0,0,0,0,0,0,0,0,1,0,0,0,0,1,0